,file_name,image_frame,class_id,detection_score,filter_level,AS_seed_area,W_seed_width,L_seed_length,LWR_length_to_width_ratio,eccentricity,solidity,PL_perimeter_length,CS_seed circularity,"IS_intersection_of_length_and_width(y,x)","CG_center_of_gravity(y,x)",DS_distance_between_IS_andCG,roi
0,17-18FND_B669-1-011.tif.jpg,1,1,1.0,0,12973,68.85448507329646,240.63208855050274,3.49479178145544,0.9581877971493727,0.9782084150203589,553.906637611548,0.53134566683,"(1024.0, 1621.5)","(1019.4925614738303, 1623.2020349957604)",4.818083145192933,[ 984 1502 1057 1748]
1,17-18FND_B669-1-011.tif.jpg,1,1,1.0,0,11951,71.31622067973026,217.90489253396905,3.0554744833232967,0.9449269167780487,0.9743192564813306,524.6345596729059,0.5456326106576189,"(1910.0, 1634.5)","(1921.679357375952, 1645.4399631829972)",16.00281797561092,[1884 1518 1961 1749]
2,17-18FND_B669-1-011.tif.jpg,1,1,1.0,3,11987,63.09226505419872,244.04146525149724,3.8680092566316344,0.9660029825484493,0.965914585012087,567.7888886054567,0.4672470743409822,"(966.5, 246.5)","(968.4003503795778, 245.2530241094519)",2.2729453219930047,[ 850  198 1092  300]
3,17-18FND_B669-1-011.tif.jpg,1,1,1.0,3,9659,58.910757418361975,212.82148960510202,3.6126082727764657,0.9609251573804188,0.9734932473291675,499.2447327281724,0.48698439740597343,"(550.0, 1631.5)","(553.2149290816855, 1639.6173516927217)",8.730817115459434,[ 496 1527  604 1733]
4,17-18FND_B669-1-011.tif.jpg,1,1,1.0,3,10840,60.4810037608464,229.5114567939402,3.7947693080867664,0.9646537603688733,0.9708042271180369,529.3107499061546,0.48620309341643153,"(1989.0, 1162.0)","(1989.7437269372695, 1167.7109778597785)",5.759201148779262,[1900 1078 2078 1253]
5,17-18FND_B669-1-011.tif.jpg,1,1,1.0,3,10764,62.878570352816794,222.76863232840222,3.542838698119713,0.9593380819403937,0.9793467382403785,520.350288425444,0.4995649426977885,"(1030.0, 1006.0999755859375)","(1023.2441471571906, 996.7678372352285)",11.520866019118074,[ 989  887 1055 1120]
6,17-18FND_B669-1-011.tif.jpg,1,1,1.0,3,12457,64.12634152266718,250.64848253748679,3.9086664947023113,0.9667186813796881,0.9789390962671906,563.7228714274745,0.49259728928182017,"(1065.5, 1286.6851806640625)","(1065.610981777314, 1279.692622621819)",6.9934387056039355,[1033 1163 1100 1418]
7,17-18FND_B669-1-011.tif.jpg,1,1,1.0,3,13038,59.62449407209364,280.2465738519032,4.700192063903288,0.9771050849107276,0.9726947179946285,621.2792206135786,0.4244701785171522,"(2343.93310546875, 1182.674560546875)","(2354.0520785396534, 1186.6943549624175)",10.888175382170084,[2321 1042 2389 1329]
8,17-18FND_B669-1-011.tif.jpg,1,1,1.0,0,7275,69.08759840575858,150.83967842834446,2.1833104914495287,0.8889418572659196,0.956230283911672,391.7228714274745,0.5957787419066348,"(652.0, 1679.0)","(641.7756701030928, 1691.7066666666667)",16.309392987434236,[ 609 1608  698 1748]
9,17-18FND_B669-1-011.tif.jpg,1,1,1.0,3,14000,71.12601367406683,253.54281942765851,3.5646988539173883,0.9598456653352118,0.9663836543107613,598.1808075912434,0.49166913989297495,"(1130.5, 1585.0)","(1126.101642857143, 1582.0306428571428)",5.306847218260509,[1039 1470 1222 1693]
10,17-18FND_B669-1-011.tif.jpg,1,1,1.0,2,10545,51.302787340166766,262.98197108982174,5.1260756914843855,0.9807871335338686,0.9666330552754606,581.8549057834388,0.39140561121201306,"(1976.0, 704.5)","(1976.4823138928402, 699.7425320056899)",4.781854076413428,[1908  590 2047  821]
11,17-18FND_B669-1-011.tif.jpg,1,1,1.0,3,11397,61.42075116054684,238.7160721650155,3.886570379789705,0.9663325709238069,0.971611253196931,549.2274887854693,0.4747837882128631,"(1228.0, 1212.5)","(1225.2433096428886, 1217.167500219356)",5.420784078219672,[1119 1145 1336 1283]
12,17-18FND_B669-1-011.tif.jpg,1,1,1.0,3,12320,67.3567423403671,235.52645815955213,3.4967020371827036,0.9582344642067337,0.9709962168978562,551.8549057834388,0.5083592808018953,"(1625.0, 833.0)","(1630.8271103896104, 830.3632305194806)",6.3959181347250285,[1553  725 1698  938]
13,17-18FND_B669-1-011.tif.jpg,1,1,0.9999998807907104,3,13627,71.83245924374737,245.20648986786824,3.4135889603308014,0.9561287391998273,0.9737744747749035,597.1614716074871,0.4802048706270234,"(1218.5, 922.5)","(1222.2443677992221, 916.1463271446394)",7.374920268640059,[1087  875 1354  954]
14,17-18FND_B669-1-011.tif.jpg,1,1,0.9999998807907104,0,6227,47.824362059412984,172.0034439507061,3.5965653600778493,0.9605686142556907,0.9566753725610693,415.8061325481598,0.4525920793013678,"(2464.5, 1278.0)","(2467.046089609764, 1280.037738879075)",3.2611274185841657,[2432 1185 2499 1373]
15,17-18FND_B669-1-011.tif.jpg,1,1,0.9999998807907104,0,6190,62.43311314138759,134.15646962136375,2.1488031410118804,0.8851134331839083,0.9643246611621747,351.70562748477136,0.6288424895721165,"(2447.5, 1463.5)","(2450.2400646203555, 1457.4147011308562)",6.673740813855952,[2388 1408 2497 1522]
16,17-18FND_B669-1-011.tif.jpg,1,1,0.9999998807907104,2,10237,62.264273608990024,210.67224096627845,3.3835172042521116,0.9553271361934174,0.9737467896889566,495.4041122946064,0.5241593687486648,"(1602.5, 1558.5)","(1601.0893816547816, 1563.791540490378)",5.476334985843877,[1561 1452 1642 1666]
17,17-18FND_B669-1-011.tif.jpg,1,1,0.9999998807907104,3,12980,65.30284229865096,257.35277103140334,3.940912247807624,0.9672702685109086,0.9706850134609633,599.4041122946064,0.45398878047297503,"(982.0, 1458.5)","(980.3981510015408, 1452.1902157164868)",6.509938395893985,[ 942 1319 1025 1591]
18,17-18FND_B669-1-011.tif.jpg,1,1,0.9999998807907104,3,9138,53.24750427552351,219.5039467433266,4.122333050719653,0.9701311354891146,0.9688295165394402,507.6295090390226,0.4456226915507554,"(648.0, 1246.5)","(652.091267235719, 1244.6366819873058)",4.4956002503001065,[ 598 1137  705 1351]
19,17-18FND_B669-1-011.tif.jpg,1,1,0.9999998807907104,3,11110,61.65477684791287,231.29941808590905,3.751524697858654,0.9638187999927322,0.9706447667307356,529.0609665440987,0.49878396234775124,"(884.0, 1641.5)","(885.7115211521152, 1638.105400540054)",3.801658867863266,[ 837 1533  938 1745]
20,17-18FND_B669-1-011.tif.jpg,1,1,0.9999998807907104,1,10351,57.551018983082955,231.98963923549528,4.031025746106916,0.9687406204313858,0.958869847151459,553.0020920410531,0.42534234790784287,"(729.0, 979.0)","(728.6063182301227, 981.9685054584098)",2.9944966175540446,[ 678  861  783 1101]
21,17-18FND_B669-1-011.tif.jpg,1,1,0.9999998807907104,3,10694,56.72487320850754,242.4792674688157,4.274655080805873,0.9722517567271804,0.9641182834475297,557.5634918610405,0.43227625985754903,"(2282.0, 1124.0)","(2282.891340938844, 1120.674209837292)",3.443162626949985,[2247 1003 2320 1252]
22,17-18FND_B669-1-011.tif.jpg,1,1,0.9999998807907104,3,8302,53.1189839372719,200.31535597344566,3.7710690439786587,0.9641998069840884,0.9619930475086906,468.45793616376875,0.47539147733368187,"(1123.812744140625, 1047.0318603515625)","(1123.2233196820043, 1044.280414357986)",2.8138721093873804,[1061  956 1185 1134]
23,17-18FND_B669-1-011.tif.jpg,1,1,0.9999998807907104,3,9783,60.52391502845268,209.4627846364329,3.460826758116409,0.9573447035011929,0.9697660586835845,486.0975464705581,0.5202775176916885,"(2265.459228515625, 800.5408325195312)","(2266.1238883777983, 811.9779208831646)",11.45638524884453,[2186  722 2347  893]
24,17-18FND_B669-1-011.tif.jpg,1,1,0.9999998807907104,2,12211,68.4581720524628,231.20711438117013,3.377348641503091,0.9551599680085657,0.9632405143172675,567.5046173579947,0.476455447149649,"(1731.0, 784.5)","(1734.2220129391533, 789.8989435754647)",6.287285512136615,[1698  653 1774  912]
25,17-18FND_B669-1-011.tif.jpg,1,1,0.9999998807907104,3,10175,59.44260330955988,222.0093451379071,3.734852324379985,0.9634889203046613,0.967941400304414,515.7716446627535,0.4806504541669594,"(1666.0, 1434.5)","(1663.3151842751843, 1444.4463882063883)",10.302372242760303,[1605 1330 1730 1542]
26,17-18FND_B669-1-011.tif.jpg,1,1,0.9999998807907104,3,10929,60.97046417472208,231.142573977933,3.791058131287166,0.9645832525351029,0.9731101415724335,537.2691193458119,0.47578038275361856,"(1755.5, 1477.5)","(1761.0226919205784, 1484.122060572788)",8.622749693647393,[1690 1376 1832 1586]
27,17-18FND_B669-1-011.tif.jpg,1,1,0.9999998807907104,3,15296,72.86678392125673,270.58897317454995,3.7134749005385106,0.9630592588574824,0.9678562389268539,649.3279938488577,0.45588939090774905,"(1351.5, 714.0)","(1353.1236270920501, 716.2312369246862)",2.7594534147403587,[1215  658 1494  778]
28,17-18FND_B669-1-011.tif.jpg,1,1,0.9999998807907104,3,11914,61.66368904602604,248.0396894978784,4.022459462532975,0.9686051780219503,0.965008909768346,575.2274887854692,0.45246833993085256,"(972.5, 314.0)","(968.5607688433776, 317.391136478093)",5.197821535831919,[ 856  253 1095  381]
29,17-18FND_B669-1-011.tif.jpg,1,1,0.9999998807907104,1,12321,61.99804928641854,272.43935734368836,4.394321442035591,0.9737625605730368,0.8941868060091444,644.8082245892127,0.3723871488610779,"(2212.5, 1603.5)","(2215.5541757974192, 1607.18164110056)",4.783562583982167,[2100 1511 2320 1704]
30,17-18FND_B669-1-011.tif.jpg,1,1,0.9999998807907104,1,13818,60.87741079990019,293.02416808943264,4.813348075078006,0.9781807666101844,0.9534257917615401,661.7544007200504,0.3965166023995425,"(680.0, 1329.5)","(680.9152554638877, 1337.8352149370387)",8.38531458031297,[ 613 1196  752 1474]
31,17-18FND_B669-1-011.tif.jpg,1,1,0.9999998807907104,0,5197,62.80729710085113,118.9402488484648,1.8937329631854671,0.8492085831492011,0.9391037224430792,334.5512985522207,0.5834950028178288,"(1587.0, 1690.0)","(1594.0913988839716, 1704.5862997883394)",16.218757031502218,[1549 1631 1628 1748]
32,17-18FND_B669-1-011.tif.jpg,1,1,0.9999998807907104,3,12861,65.06927559878616,255.37387100831174,3.9246459816601313,0.9669937608526139,0.9635151333533114,593.1513703397204,0.4593603712023155,"(1183.0, 718.0)","(1185.9164917191508, 724.8531995956769)",7.447970773711519,[1090  619 1277  818]
33,17-18FND_B669-1-011.tif.jpg,1,1,0.9999998807907104,0,5830,51.85047753490655,154.5836747985879,2.9813356047592765,0.942068644536008,0.9615701797789873,369.27922061357856,0.5372404172281707,"(1670.0, 1678.5)","(1663.4951972555746, 1688.394511149228)",11.841191224960545,[1630 1608 1714 1747]
34,17-18FND_B669-1-011.tif.jpg,1,1,0.9999998807907104,1,13928,67.78495680416758,266.5272272342548,3.931952453761364,0.9671183967488193,0.9613473219215903,627.4112549695428,0.44462513685958366,"(1180.5, 1106.5)","(1175.580844342332, 1100.4497415278574)",7.797674009863412,[1109  980 1258 1230]
35,17-18FND_B669-1-011.tif.jpg,1,1,0.9999997615814209,2,12422,69.06696537666788,231.07055315636345,3.345601647563097,0.9542844698537862,0.9774175780942639,537.0365799264592,0.5412446943086054,"(881.5, 505.0)","(877.1923200772823, 506.30695540170666)",4.501581804059072,[ 763  469 1004  544]
36,17-18FND_B669-1-011.tif.jpg,1,1,0.9999997615814209,3,12967,67.77733456829455,245.39248067447176,3.62056847229964,0.9611002624133554,0.9780509880826671,573.3624817342638,0.4956679432804964,"(1284.91650390625, 462.64874267578125)","(1288.9584329451684, 463.4256188786921)",4.115911441017769,[1163  422 1416  506]
37,17-18FND_B669-1-011.tif.jpg,1,1,0.9999997615814209,3,11125,59.83032906122268,237.8288826763022,3.975055568103907,0.9678394152453732,0.9744241044057108,546.048773235279,0.46886413372910224,"(2312.44482421875, 497.7361755371094)","(2316.0010786516855, 502.50121348314605)",5.945799544127147,[2196  464 2438  542]
38,17-18FND_B669-1-011.tif.jpg,1,1,0.9999997615814209,1,16479,62.661432165446904,348.7847580837518,5.566179163649575,0.9837294136284803,0.9173346693386774,843.0975464705581,0.2913299047631432,"(1782.5, 705.5)","(1781.4120395655077, 687.4111293160993)",18.121558998218216,[1715  518 1846  896]
39,17-18FND_B669-1-011.tif.jpg,1,1,0.9999997615814209,1,11413,72.19382879283184,206.97191129996355,2.866892015021011,0.9371935396793909,0.9520353687020354,515.1198410471445,0.5404967976090606,"(2388.5, 598.5)","(2391.1247699991236, 611.8144221501797)",13.57067628165576,[2277  566 2494  656]
40,17-18FND_B669-1-011.tif.jpg,1,1,0.9999997615814209,1,10257,59.3962004722411,229.42522083396005,3.862624528334641,0.9659064548095119,0.9341530054644809,543.906637611548,0.43569392244402294,"(1313.5, 535.5)","(1317.1524812323291, 539.006727113191)",5.063373796087495,[1194  508 1435  575]
41,17-18FND_B669-1-011.tif.jpg,1,1,0.9999997615814209,3,15267,70.1083792265657,280.0296921865455,3.994239993504738,0.9681526792031832,0.9777137367915466,650.9015869776648,0.45282762024420975,"(605.5, 701.0)","(597.9312242090784, 701.0879675116264)",7.569286971461849,[551 554 657 842]
42,17-18FND_B669-1-011.tif.jpg,1,1,0.9999997615814209,1,10359,51.59271899352187,269.1331259391175,5.216494326901256,0.9814536434475859,0.9532529677003773,618.0142853498728,0.3408243925312845,"(1522.0, 605.5)","(1518.4944492711652, 598.3328506612607)",7.978528407934931,[1386  549 1657  664]
43,17-18FND_B669-1-011.tif.jpg,1,1,0.9999997615814209,1,16650,61.25766028247309,356.4875192150406,5.819476577642618,0.9851254376537965,0.9401468097120271,826.8153672641492,0.30606031587186483,"(621.0, 859.0)","(612.0774774774775, 869.8700300300301)",14.063035270476899,[ 514  695  740 1026]
44,17-18FND_B669-1-011.tif.jpg,1,1,0.9999997615814209,1,11214,59.9584910806918,245.06379523799822,4.087224191619378,0.9696077157280986,0.9410876132930514,585.8965363437815,0.4105145500387156,"(1045.0, 752.5)","(1039.250401284109, 756.6535580524345)",7.092949308201615,[ 934  674 1166  829]
45,17-18FND_B669-1-011.tif.jpg,1,1,0.9999997615814209,1,4826,52.68165736457598,127.6608433855866,2.4232503260504457,0.9108811090378733,0.9545094936708861,317.29646455628165,0.6023746895787028,"(1785.0, 1689.034423828125)","(1783.283464566929, 1694.911520928305)",6.122643564501526,[1756 1626 1819 1745]
46,17-18FND_B669-1-011.tif.jpg,1,1,0.9999997615814209,2,14319,73.75091578941476,249.9468634141281,3.3890679286995673,0.9554767565544379,0.9689403166869671,594.541197284454,0.5090478955301695,"(746.5, 450.0)","(744.0676723234862, 445.316153362665)",5.277749259675888,[628 371 859 526]
47,17-18FND_B669-1-011.tif.jpg,1,1,0.9999997615814209,3,13320,66.82508575528534,256.86857904943906,3.843894491809504,0.9655674544741654,0.964588311970454,591.9970414071697,0.4776117650903837,"(1162.0, 627.5)","(1169.8746246246246, 623.8232732732732)",8.690686532246549,[1047  553 1276  701]
48,17-18FND_B669-1-011.tif.jpg,1,1,0.9999996423721313,1,9347,45.35224463974491,266.0905231569659,5.867196326679158,0.985368202004376,0.9565083913221449,602.3158005400378,0.32376775537946684,"(1181.0, 833.0)","(1177.5789023216005, 831.963517706216)",3.5746615043215524,[1050  784 1318  884]
49,17-18FND_B669-1-011.tif.jpg,1,1,0.9999996423721313,0,5298,42.8281018651964,170.08986548996114,3.9714546777096853,0.9677800980336098,0.8263921385119326,387.7888886054567,0.4427219921191231,"(2227.28173828125, 1697.8739013671875)","(2227.280294450736, 1701.112872782182)",3.238971736801328,[2148 1650 2303 1748]
50,17-18FND_B669-1-011.tif.jpg,1,1,0.9999996423721313,3,12984,61.870915792951635,271.29033572349226,4.3847797021682,0.9736466985271911,0.9628476084538375,628.1391770309007,0.413529606792247,"(1814.0, 1310.5)","(1816.5643869377695, 1317.7831176833026)",7.7213912966147875,[1687 1234 1947 1387]
51,17-18FND_B669-1-011.tif.jpg,1,1,0.9999995231628418,0,1906,41.571209238952896,63.38022673479672,1.5246183090437606,0.7548461676906044,0.9631126831733199,182.5685424949238,0.7185894940249885,"(909.0104370117188, 1720.9896240234375)","(914.816369359916, 1721.9459601259182)",5.884167670346572,[ 885 1689  936 1748]
52,17-18FND_B669-1-011.tif.jpg,1,1,0.9999994039535522,3,11550,57.72133927678451,255.91075472444487,4.4335553875024525,0.9742309885373374,0.9788135593220338,565.6223663640861,0.4536685772130437,"(1454.0, 786.0)","(1456.0525541125542, 783.7336796536797)",3.0576439127387554,[1323  752 1589  816]
53,17-18FND_B669-1-011.tif.jpg,1,1,0.9999994039535522,0,5171,58.781932217663325,122.46320378043062,2.0833477083904324,0.8772703001354379,0.9545874100055382,320.06601717798213,0.6343154221220569,"(2084.0, 1695.0)","(2075.745890543415, 1701.8155095726165)",10.704274550650904,[2043 1637 2124 1748]
54,17-18FND_B669-1-011.tif.jpg,1,1,0.9999990463256836,1,15051,55.610427739940675,367.4725485694323,6.607979177716433,0.9884829621484436,0.8791985513172499,896.3056992722711,0.23543059698740632,"(960.5, 400.5)","(990.7510464420968, 384.82333399774103)",34.07174295201642,[ 764  316 1159  486]
55,17-18FND_B669-1-011.tif.jpg,1,1,0.999998927116394,1,11859,53.23515317043975,293.24425288422725,5.508470163415609,0.9833838183433475,0.9362861203221222,677.9442635585339,0.3242425098722367,"(2218.5, 723.5)","(2231.8976304916096, 722.8476262754026)",13.413504175503556,[2061  589 2307  941]
56,17-18FND_B669-1-011.tif.jpg,1,1,0.9999979734420776,1,16399,67.62550425302155,346.5325096633131,5.124287256576424,0.9807735887006871,0.8493810535039105,874.7594513539337,0.26930842675227273,"(759.0, 1501.5)","(765.906762607476, 1457.336849807915)",44.699968731585024,[ 720 1294  817 1712]
57,17-18FND_B669-1-011.tif.jpg,1,1,0.999997615814209,0,1716,34.38773149348164,69.03404142041283,2.0075194966989485,0.8671039875886002,0.9635036496350365,184.22539674441617,0.6353721088968194,"(2478.0, 1578.0)","(2480.4195804195806, 1570.9242424242425)",7.478015423740952,[2458 1539 2498 1619]
58,17-18FND_B669-1-011.tif.jpg,1,1,0.9999972581863403,1,10749,59.54185128308524,244.34373336365414,4.103730873296977,0.9698555139044467,0.951912858660999,565.1787155501902,0.4228694693155731,"(1935.0, 1398.0)","(1917.4446925295376, 1395.249418550563)",17.76948279192332,[1883 1216 1948 1536]
59,17-18FND_B669-1-011.tif.jpg,1,1,0.9999969005584717,3,12700,61.7780366446068,265.1476435317934,4.291940274132048,0.9724779677418455,0.9683568433091879,606.9259735953043,0.4332535577050137,"(2029.0, 1582.5)","(2031.869527559055, 1593.6520472440945)",11.515309207602435,[1962 1457 2109 1720]
60,17-18FND_B669-1-011.tif.jpg,1,1,0.9999963045120239,1,7577,63.403657318659086,179.01382182513262,2.8233989866772333,0.9351761241965159,0.8832031705326961,470.2152954766495,0.43063928644152943,"(1611.5, 710.0)","(1618.5523294179754, 726.9914214068892)",18.396840806131237,[1498  668 1702  811]
61,17-18FND_B669-1-011.tif.jpg,1,1,0.9999960660934448,1,13139,60.11511147083989,286.6009673707557,4.767536154528759,0.9777546317561739,0.9572344455777357,661.1097397793778,0.37776791204696525,"(2214.0, 1379.0)","(2223.732095288835, 1377.667174061953)",9.822937630469491,[2098 1250 2297 1568]
62,17-18FND_B669-1-011.tif.jpg,1,1,0.9995346069335938,1,1787,11.542666598132884,225.90927415945728,19.571671089936867,0.9986938353984778,0.7332786212556421,450.1848122046001,0.11080331101010081,"(546.0, 549.5)","(557.747621712367, 547.1460548405148)",11.981138247710085,[219 486 691 650]
63,17-18FND_B669-1-011.tif.jpg,1,1,0.992201566696167,0,189,8.179928282055913,29.515141656367618,3.6082396616012127,0.9608285519883458,0.9593908629441624,62.727922061357845,0.6036008820009146,"(2169.0, 1745.0)","(2169.26455026455, 1744.6666666666667)",0.42555605222410303,[2155 1741 2188 1749]
64,17-18FND_B669-1-011.tif.jpg,2,1,1.0,0,10887,64.98596797626954,215.8196677787369,3.321019513897927,0.9535886696605752,0.9794871794871794,509.56349186104046,0.5268918451180936,"(2183.0, 109.0)","(2192.8229999081473, 99.20078993294756)",13.87500793274307,[2155    2 2229  218]
65,17-18FND_B669-1-011.tif.jpg,2,1,1.0,3,12606,64.2393388719882,253.49790754796533,3.946147516448119,0.9673585188324118,0.9766793212985202,582.8355697996826,0.466331841026365,"(716.0, 1052.5)","(708.9274948437252, 1047.6682532127559)",8.565401695284221,[ 674  917  742 1189]
66,17-18FND_B669-1-011.tif.jpg,2,1,1.0,0,10564,54.4800896571353,253.0125798441952,4.644129285331635,0.9765423078470201,0.9456628770924715,583.9797974644666,0.38926253831817054,"(2366.0, 101.5)","(2367.452385460053, 105.2886217341916)",4.057471893847461,[2271    0 2462  204]
67,17-18FND_B669-1-011.tif.jpg,2,1,1.0,3,12591,65.35770127389063,248.31351445017697,3.79930000000435,0.9647395511032434,0.9746110380060377,570.2569260369921,0.4865516510000301,"(795.5, 1434.5)","(800.8898419505996, 1428.1749662457312)",8.310020953348015,[ 741 1314  865 1549]
68,17-18FND_B669-1-011.tif.jpg,2,1,1.0,3,14998,71.63965016258359,271.3150126246926,3.7872185585629325,0.964510081619421,0.9763687259944014,633.9482681718907,0.4689597545092439,"(1469.0, 1379.5)","(1475.8013735164689, 1379.1690225363382)",6.809421986628231,[1437 1233 1518 1525]
69,17-18FND_B669-1-011.tif.jpg,2,1,1.0,3,12681,66.32946544021424,247.67722482221947,3.7340452418610584,0.9634728362578547,0.9756866969300608,579.9137802864846,0.4738452253439719,"(1269.0, 810.5)","(1262.6199826512104, 802.4037536471888)",10.307949668884955,[1207  687 1332  928]
70,17-18FND_B669-1-011.tif.jpg,2,1,1.0,3,10106,54.443694989408215,237.19605753261683,4.356722253674412,0.9733015035000452,0.9717307692307692,532.4823227814084,0.44789763412417477,"(2360.0, 417.5)","(2363.261428854146, 416.3261428854146)",3.466245619704092,[2283  323 2444  518]
71,17-18FND_B669-1-011.tif.jpg,2,1,1.0,3,16608,69.43083660318918,306.73618382079206,4.41786674088128,0.9740452001732547,0.9748767316271425,691.9482681718907,0.4358930522366894,"(662.0, 593.5)","(663.3795158959538, 596.5767100192678)",3.371825714631771,[625 441 707 758]
72,17-18FND_B669-1-011.tif.jpg,2,1,1.0,3,14110,67.31328297706096,268.95069772814935,3.9955070653707745,0.9681732070647064,0.9624829467939973,634.3645737753169,0.4406147528990872,"(2024.5, 900.5)","(2025.4461374911411, 899.8859673990078)",1.1279238392835502,[1921  802 2130 1008]
73,17-18FND_B669-1-011.tif.jpg,2,1,1.0,3,10634,59.66192958960535,228.69728599593765,3.833219736087494,0.9653719678933127,0.9662880508859609,522.7249634685276,0.4890576291111004,"(1574.0374755859375, 184.03750610351562)","(1581.0367688546173, 186.35452322738385)",7.372833553884507,[1488   97 1667  276]
74,17-18FND_B669-1-011.tif.jpg,2,1,1.0,3,10881,58.265690421549294,242.07077284455593,4.154602324166868,0.9706003249339556,0.9689225289403384,556.9259735953042,0.44084277635541613,"(2275.5, 611.5)","(2271.313574120026, 619.6813711975002)",9.190266390034814,[2201  504 2350  725]
75,17-18FND_B669-1-011.tif.jpg,2,1,1.0,1,11504,58.47104209740167,255.9225309551461,4.376910719819696,0.9735505670555128,0.9585867844346304,585.1097397793778,0.42226402408986063,"(917.0, 208.0)","(922.4087273991655, 209.5019993045897)",5.613406629620884,[842  98 994 323]
76,17-18FND_B669-1-011.tif.jpg,2,1,1.0,3,11944,60.00693793812817,255.7314375433622,4.261697835790942,0.9720803423978643,0.9657960701867874,585.2518754031088,0.43820167234160856,"(613.5, 944.5)","(619.7067146684528, 941.1641828533154)",7.0463453656276585,[ 526  842  709 1049]
77,17-18FND_B669-1-011.tif.jpg,2,1,1.0,3,12642,63.38037239833692,257.82570437026413,4.067910847065793,0.9693138637435715,0.9694041867954911,588.4406922210657,0.4587966673957791,"(689.5, 220.0)","(698.2339819648789, 216.6831988609397)",9.342569815575471,[577 144 811 293]
78,17-18FND_B669-1-011.tif.jpg,2,1,0.9999998807907104,0,2560,43.69405645524443,78.97548640525646,1.8074651980676273,0.833007963757736,0.965673330818559,214.99494936611663,0.6959744781673756,"(2468.0, 840.0)","(2467.839453125, 845.153515625)",5.156015767643744,[2429  806 2498  876]
79,17-18FND_B669-1-011.tif.jpg,2,1,0.9999998807907104,3,11584,65.89913568752269,224.91831854394817,3.413069324770129,0.9561150728952909,0.9806145771607551,527.3208511739211,0.5235022155551584,"(2061.0, 204.0)","(2056.424723756906, 203.21797306629836)",4.641628897882071,[1945  167 2183  239]
80,17-18FND_B669-1-011.tif.jpg,2,1,0.9999998807907104,1,16601,64.48889325383297,338.62322643664015,5.250876691336515,0.9816979855995647,0.9098432533157953,757.8031739553295,0.3632714552978132,"(980.5, 1544.0)","(987.5740618035059, 1536.6867658574786)",10.174760145731279,[ 846 1426 1122 1664]
81,17-18FND_B669-1-011.tif.jpg,2,1,0.9999998807907104,0,7953,65.85263657604014,163.83253683160618,2.4878660194938207,0.9156612197428508,0.9631827540268862,421.20310216782974,0.563323312315382,"(2431.0, 1545.0)","(2442.0745630579654, 1550.2436816295738)",12.25325034254917,[2362 1481 2499 1612]
82,17-18FND_B669-1-011.tif.jpg,2,1,0.9999998807907104,3,12091,64.72927185310601,241.79372780274454,3.7354618842532545,0.9635010609086923,0.9737456712571475,568.7594513539339,0.4696938048426342,"(1821.0, 364.0)","(1823.6331982466297, 367.73641551567283)",4.571053916966468,[1704  315 1948  418]
83,17-18FND_B669-1-011.tif.jpg,2,1,0.9999998807907104,3,9116,56.839160284715376,207.10342081489804,3.6436748850174383,0.9616018862097951,0.974764756201882,486.350288425444,0.4843015120816232,"(1627.5, 1193.5)","(1628.0671347082055, 1190.1092584466871)",3.4378438095140136,[1595 1082 1661 1301]
84,17-18FND_B669-1-011.tif.jpg,2,1,0.9999998807907104,3,10798,55.3307308162415,249.41232008199532,4.507663578677766,0.9750820757825721,0.977548433822198,556.350288425444,0.43838587455861705,"(1854.5, 1536.0)","(1853.266808668272, 1537.364048897944)",1.8388556921714623,[1733 1505 1982 1572]
85,17-18FND_B669-1-011.tif.jpg,2,1,0.9999998807907104,0,12785,72.74724060477764,226.40525791330663,3.1122178110277017,0.9469726176938428,0.9759541984732825,533.7056274847714,0.5640362703370696,"(892.0, 108.0)","(884.998435666797, 100.84951114587408)",10.00756683539805,[845   0 934 218]
86,17-18FND_B669-1-011.tif.jpg,2,1,0.9999998807907104,2,9289,61.44216666042349,201.93466353119598,3.286581097428444,0.9525866123434152,0.9619925434962717,480.14927829866735,0.5063213796507968,"(830.0, 1012.0)","(823.274948864248, 1002.5560340187318)",11.593739958867035,[ 788  909  871 1110]
87,17-18FND_B669-1-011.tif.jpg,2,1,0.9999998807907104,3,12216,66.8476647695707,235.18318155790047,3.51819592155681,0.9587541722438004,0.9785325216276834,543.3624817342638,0.5199476174015758,"(1731.290771484375, 1252.5438232421875)","(1732.6338408644401, 1245.069089718402)",7.594437214914055,[1695 1133 1778 1370]
88,17-18FND_B669-1-011.tif.jpg,2,1,0.9999998807907104,0,9855,73.5668357535272,185.8387649357959,2.5261214925488455,0.9183092445115055,0.9698848538529672,464.97770542341357,0.572798975644296,"(659.0, 86.5)","(672.5142567224759, 70.97341451040081)",20.58421705401538,[614   1 712 176]
89,17-18FND_B669-1-011.tif.jpg,2,1,0.9999998807907104,3,9129,56.5204261281898,209.38920224858867,3.704664253126622,0.9628799500890876,0.9669526533206229,484.43354954612926,0.4888376478917589,"(2067.32666015625, 988.4332275390625)","(2077.712235732282, 988.7602147004053)",10.39072185409432,[2031  890 2118 1094]
90,17-18FND_B669-1-011.tif.jpg,2,1,0.9999998807907104,3,11596,65.16384687051402,231.7563192288224,3.5565168472840694,0.9596568097392338,0.9685933845639826,553.0193359837562,0.47647205878846477,"(2110.5, 429.0)","(2111.4587788892723, 435.25931355639875)",6.332318939838021,[2071  310 2151  554]
91,17-18FND_B669-1-011.tif.jpg,2,1,0.9999998807907104,3,10695,57.209276352585675,239.33180658854434,4.183444046967521,0.971010336877265,0.9800238247961147,534.4924240491749,0.47044357891440824,"(1890.5, 582.5)","(1891.8333800841515, 587.9595137914913)",5.619981609248875,[1859  465 1928  703]
92,17-18FND_B669-1-011.tif.jpg,2,1,0.9999998807907104,3,13649,67.6090459165068,263.19641153121495,3.892917108403616,0.9664441636377646,0.9727052451539339,617.747258045114,0.4494579276047477,"(769.5, 353.0)","(773.1910762693237, 353.8251153930691)",3.7821765476831404,[737 207 817 500]
93,17-18FND_B669-1-011.tif.jpg,2,1,0.9999998807907104,3,15527,73.51365654716548,272.69178406261705,3.7094030806053193,0.9629765546727231,0.9766637312869544,643.7888886054566,0.470771825474015,"(988.5, 1257.5)","(987.0301410446319, 1256.112320474013)",2.0214202471330593,[ 941 1119 1037 1405]
94,17-18FND_B669-1-011.tif.jpg,2,1,0.9999998807907104,3,9190,56.05189856661613,213.51781420015607,3.8092878146918796,0.9649275682190904,0.9648293963254593,511.1787155501902,0.4419568307862558,"(728.5, 673.0)","(738.3103373231774, 671.5152339499456)",9.922058688494074,[710 555 771 793]
95,17-18FND_B669-1-011.tif.jpg,2,1,0.9999998807907104,0,8958,72.08818412472066,160.7334090630805,2.2296775957762183,0.8937851725038259,0.9666558756879249,410.0071426749364,0.6696348951937688,"(2423.5, 1643.5)","(2426.2934806876533, 1649.0666443402545)",6.228247230415559,[2347 1602 2497 1692]
96,17-18FND_B669-1-011.tif.jpg,2,1,0.9999998807907104,3,12639,61.23502701647799,271.263711138662,4.429878198072266,0.9741876226855237,0.9692484662576687,618.9015869776647,0.4146478188786319,"(2284.0, 140.5)","(2293.695308173115, 141.0432787404067)",9.710517615526275,[2231    7 2342  277]
97,17-18FND_B669-1-011.tif.jpg,2,1,0.9999998807907104,3,13737,68.43427554966338,258.06223851961977,3.7709501042696307,0.9641975066683823,0.969716221939856,605.7371567773474,0.47047151381620855,"(854.0, 1230.5)","(855.849530465167, 1225.722646866128)",5.12287672185255,[ 749 1133  956 1328]
98,17-18FND_B669-1-011.tif.jpg,2,1,0.9999998807907104,2,7733,44.369978943940254,223.9296815475803,5.046873739347651,0.9801732315359125,0.9669876203576341,501.48023074035524,0.3864116754413945,"(883.5, 571.0)","(879.9081856976594, 574.86538212854)",5.276581183127451,[856 457 905 694]
99,17-18FND_B669-1-011.tif.jpg,2,1,0.9999998807907104,3,14316,66.90830015062974,279.0024367955484,4.1699226578381765,0.9708191985299123,0.9626143087681549,645.2102448427661,0.4321445542016924,"(946.5, 845.0)","(942.8785275216541, 840.7066918133556)",5.616721294218238,[ 812  772 1079  924]
100,17-18FND_B669-1-011.tif.jpg,2,1,0.9999998807907104,0,3918,42.289177954470134,126.52723988377139,2.9919531663631442,0.9424916022583004,0.9532846715328467,313.1198410471445,0.5021727241098815,"(2460.5, 977.0)","(2465.01505870342, 985.9941296579888)",10.063802631214585,[2423  914 2497 1042]
101,17-18FND_B669-1-011.tif.jpg,2,1,0.9999998807907104,0,13007,71.04315411502705,239.94370344730493,3.3774359603855486,0.9551623409498381,0.9726314215209751,564.0975464705581,0.5136633534281491,"(807.0, 1669.5)","(807.4217728915199, 1676.5967555931422)",7.109277904317475,[ 706 1588  916 1750]
102,17-18FND_B669-1-011.tif.jpg,2,1,0.9999998807907104,3,12633,66.91612386938952,243.95284862129793,3.645651219987849,0.9616443367844952,0.9678234888531372,565.796031280393,0.4959028069516947,"(2261.0, 405.0)","(2263.3312752315364, 408.9422148341645)",4.579945633288861,[2160  326 2367  488]
103,17-18FND_B669-1-011.tif.jpg,2,1,0.9999998807907104,1,10908,57.8638935311183,244.17021965721668,4.219733667350016,0.9715140943164196,0.9576821773485513,566.4234482783627,0.4272406293493861,"(1641.4915771484375, 1380.4971923828125)","(1647.2313898056473, 1378.0508800880089)",6.239382436072736,[1551 1284 1736 1479]
104,17-18FND_B669-1-011.tif.jpg,2,1,0.9999998807907104,0,6861,69.39723750071698,133.78849452455384,1.9278648450980718,0.8549511263995403,0.9722261584242596,354.16652224137044,0.6873568570668608,"(1581.0, 61.0)","(1573.3173006850313, 54.14954088325317)",10.29333079592994,[1541    1 1620  127]
105,17-18FND_B669-1-011.tif.jpg,2,1,0.9999998807907104,3,10914,58.21975659601439,241.4127799166089,4.146578310036005,0.9704847008441386,0.9642194540153723,561.5117600329312,0.43498682264573396,"(1817.5, 1450.5)","(1816.981766538391, 1454.2964999083745)",3.8317068618330734,[1705 1378 1926 1526]
106,17-18FND_B669-1-011.tif.jpg,2,1,0.9999997615814209,3,11409,63.40178287831162,233.3641536360451,3.6807191066526608,0.9623859389240076,0.976379974326059,545.3624817342638,0.48204427524637283,"(1781.0, 733.0)","(1791.7178543255325, 742.523183451661)",14.337483196060772,[1666  699 1906  783]
107,17-18FND_B669-1-011.tif.jpg,2,1,0.9999997615814209,1,16618,72.56723390033429,294.7698228394625,4.062023684743268,0.9692234381972553,0.9613560106444522,702.4478348960022,0.42321442522197056,"(2372.0, 1508.5)","(2375.068841015766, 1505.7427488265737)",4.125556836768554,[2253 1391 2488 1628]
108,17-18FND_B669-1-011.tif.jpg,2,1,0.9999997615814209,3,10171,58.411607598849756,225.83227023872553,3.8662224773826055,0.9659709981553084,0.9682977913175933,526.333044482741,0.4613730731395098,"(921.5, 374.5)","(916.8018877199883, 366.30429652934816)",9.446788574666613,[879 255 961 490]
109,17-18FND_B669-1-011.tif.jpg,2,1,0.9999997615814209,3,11321,62.21906023178866,236.1611718226379,3.7956402900148527,0.9646702772607677,0.9707597324644144,548.5584412271571,0.47276884546288506,"(2301.0, 1260.0)","(2304.69931984807, 1269.084886494126)",9.80918599831193,[2243 1149 2354 1373]
110,17-18FND_B669-1-011.tif.jpg,2,1,0.9999997615814209,3,12703,65.29852913902694,249.80700179902314,3.8256145290372414,0.9652316701303963,0.9719947968475017,574.1320343559642,0.48427561698501326,"(817.682373046875, 485.5891418457031)","(821.7489569393057, 479.8783751869637)",7.010703273192114,[775 364 874 609]
111,17-18FND_B669-1-011.tif.jpg,2,1,0.9999997615814209,3,11634,63.830497139978426,238.98390537630198,3.7440395435463585,0.9636712577202339,0.9681284846467504,553.872149726142,0.47656250204589656,"(801.5, 862.0)","(793.8019597730789, 853.4492865738354)",11.505412788409084,[744 746 863 973]
112,17-18FND_B669-1-011.tif.jpg,2,1,0.9999997615814209,0,9199,65.19633900094023,193.4638201343034,2.967403125680314,0.9415064384729481,0.9717937882949503,462.3919189857867,0.5406671854333628,"(2103.0, 87.0)","(2109.330253288401, 74.28122622024134)",14.207016335458558,[2053    2 2151  180]
113,17-18FND_B669-1-011.tif.jpg,2,1,0.9999997615814209,3,14844,64.13468238381739,295.89602519600544,4.613666337742192,0.9762277305034809,0.9785102175346078,661.2203461105329,0.4266467016747717,"(1041.5, 242.5)","(1044.6431554836972, 240.0538264618701)",3.982862208681453,[1011   90 1082  395]
114,17-18FND_B669-1-011.tif.jpg,2,1,0.9999997615814209,2,14719,75.02469906271332,251.9167400347486,3.3577840788694244,0.9546234616664544,0.967845870594424,606.4234482783626,0.5029631857072412,"(856.0, 1508.5)","(858.4852911203207, 1505.7757320470141)",3.6875883490989856,[ 757 1410  961 1609]
115,17-18FND_B669-1-011.tif.jpg,2,1,0.9999997615814209,0,11167,73.22254181169382,199.31457832894,2.7220385061408643,0.9300741963314677,0.9723963775687914,503.38686835190333,0.5537868206928386,"(961.0, 1696.5)","(956.7013521984418, 1695.7789916718905)",4.358695439124484,[ 827 1609 1072 1747]
116,17-18FND_B669-1-011.tif.jpg,2,1,0.9999996423721313,2,14437,74.20547250201227,250.9167305062868,3.3813777076816343,0.9552692627203444,0.9723195043103449,593.4629867976521,0.5151094822371324,"(2181.0, 281.5)","(2189.043776407841, 282.1489921728891)",8.06991510115265,[2056  242 2313  325]
117,17-18FND_B669-1-011.tif.jpg,2,1,0.9999996423721313,0,8655,60.88590468978621,193.02365304696693,3.170251867495815,0.9489480659699224,0.9799592391304348,445.78174593052023,0.5473087288053659,"(1784.5, 89.41061401367188)","(1788.3279029462738, 78.21779318313114)",11.829289036568426,[1751    2 1819  181]
118,17-18FND_B669-1-011.tif.jpg,2,1,0.9999996423721313,1,14432,60.65215216499671,320.96588692628336,5.291912578025841,0.9819833234465458,0.9071024512884978,779.7026688919411,0.29831723333889976,"(1983.5, 1206.5)","(2000.1040049889136, 1187.9650776053215)",24.884459605316362,[1821 1101 2129 1329]
119,17-18FND_B669-1-011.tif.jpg,2,1,0.9999996423721313,0,7384,44.32786527259462,272.52749427641714,6.147995004959223,0.9866830613471362,0.8140227097343181,597.3452377915606,0.2600463369359038,"(1715.5, 125.5)","(1717.9846966413868, 94.23632177681473)",31.362259061531066,[1658    0 1770  253]
120,17-18FND_B669-1-011.tif.jpg,2,1,0.9999994039535522,3,12076,60.534715414274444,255.4693460357928,4.220212225125149,0.9715206490464409,0.9635362642623474,586.0559159102155,0.44182965304642796,"(942.0, 669.5)","(944.0384233189798, 670.1235508446506)",2.131662563171047,[ 879  495 1033  792]
121,17-18FND_B669-1-011.tif.jpg,2,1,0.9999984502792358,0,4908,49.193549968501245,131.99862279798828,2.683250606685375,0.9279589998330613,0.9612220916568742,339.76450198781714,0.5342670774463186,"(2477.0, 1254.5)","(2472.1193969030155, 1247.197229013855)",8.78355000363619,[2428 1177 2499 1327]
122,17-18FND_B669-1-011.tif.jpg,2,1,0.9999983310699463,1,18012,62.814372523145835,385.27217541460743,6.1335035269618015,0.9866196326073275,0.9179960246674481,909.3595231414336,0.27371623892427327,"(1916.0, 1331.0)","(1933.5926049300467, 1318.5268154563623)",21.56571540395416,[1718 1234 2106 1437]
123,17-18FND_B669-1-011.tif.jpg,2,1,0.9999970197677612,3,11377,61.26849279567842,241.63108995289812,3.943806660279745,0.9673191037228919,0.9753943758573388,554.19090885901,0.46549908079892877,"(1183.0, 548.0)","(1181.0474641821218, 540.285576162433)",7.957683787743715,[1058  502 1310  584]
124,17-18FND_B669-1-011.tif.jpg,2,1,0.9999969005584717,1,3346,53.67312824432425,93.92690093462589,1.7499799994340433,0.8206472590943641,0.8373373373373373,280.8528137423857,0.5330626355205373,"(1061.0, 547.0)","(1049.8090257023312, 544.1222355050807)",11.555060978606003,[ 956  518 1116  580]
125,17-18FND_B669-1-011.tif.jpg,2,1,0.9999963045120239,0,1159,13.673665575314214,114.14275013118554,8.347633595577578,0.99279871816142,0.952341824157765,236.49137802864846,0.2604130092576581,"(2492.5, 455.5)","(2489.6660914581535, 448.30716134598794)",7.73097442281378,[2482  394 2500  527]
126,17-18FND_B669-1-011.tif.jpg,2,1,0.9999277591705322,1,771,9.499345624915215,118.72434607056998,12.498160479515096,0.9967939184782059,0.7138888888888889,235.72287142747447,0.17436559518310038,"(1023.5, 476.0)","(1025.1322957198443, 478.87678339818416)",3.3076082048951716,[ 981  301 1098  575]
127,17-18FND_B669-1-011.tif.jpg,2,1,0.9875978827476501,0,558,22.235570690954525,33.43901575887738,1.50385237346215,0.7468799629224872,0.9772329246935202,93.45584412271572,0.8028439405824913,"(848.0, 11.5)","(846.5, 12.799283154121865)",1.9844739138081056,[832   4 868  27]
128,17-18FND_B669-1-011.tif.jpg,2,1,0.9742857217788696,1,842,15.32641352296272,73.0714886127719,4.767683483372866,0.9777560222064876,0.864476386036961,166.2731239591687,0.3827170783943439,"(2074.5, 1610.0)","(2007.8657957244657, 1671.0118764845606)",90.3469216498322,[1955 1384 2262 1713]
129,17-18FND_B669-1-011.tif.jpg,2,1,0.7324925065040588,0,373,17.06149526383478,28.46986968536966,1.6686620513101915,0.8005376072383878,0.9764397905759162,74.38477631085024,0.8471309970659171,"(1014.6481323242188, 5.5)","(1015.3324396782842, 8.05361930294906)",2.643718611959705,[1002    1 1031   18]
130,17-18FND_B669-1-011.tif.jpg,3,1,1.0,3,12292,65.15044531856283,242.3547440765078,3.7199245974678776,0.9631896911438717,0.9769512001271657,575.9482681718907,0.46565627761535294,"(829.0, 1219.5)","(828.6050276602668, 1217.2181906931337)",2.31574110428087,[ 793 1092  865 1351]
131,17-18FND_B669-1-011.tif.jpg,3,1,1.0,3,12966,67.4477719724713,247.4200188880232,3.6683201186987655,0.9621262243406234,0.9769439421338155,570.9777054234136,0.4997785116025692,"(1031.5, 1264.0)","(1025.5407990128026, 1256.8486811661269)",9.308782813532753,[ 986 1143 1065 1392]
132,17-18FND_B669-1-011.tif.jpg,3,1,1.0,3,12263,61.02342649784457,258.94806552376974,4.2434206072141185,0.9718358216541682,0.9737176433222169,588.1492782986674,0.44548332797858486,"(881.5, 1320.5)","(891.3681807061894, 1321.4471173448585)",9.91352720856407,[ 856 1185  930 1458]
133,17-18FND_B669-1-011.tif.jpg,3,1,1.0,3,8916,56.622683683102906,204.18443650539672,3.6060536736150595,0.9607800765770709,0.9780605528740676,477.0782104868019,0.4922670427150505,"(865.5, 1500.0)","(860.3942350829968, 1504.2318304172275)",6.631532558004364,[ 759 1467  967 1541]
134,17-18FND_B669-1-011.tif.jpg,3,1,1.0,3,12678,59.13348706496146,273.7597508408353,4.629521518663272,0.9763922474624451,0.9788449660284126,613.1614716074871,0.4237511557518253,"(2441.5, 721.5)","(2440.2774096860703, 719.6624073197665)",2.207141575468657,[2395  584 2487  862]
135,17-18FND_B669-1-011.tif.jpg,3,1,1.0,3,14188,72.47089296914277,253.15149688213774,3.493147200351548,0.9581475572855398,0.9705178192762843,617.9726547895302,0.4668663016522181,"(992.5, 427.5)","(998.7365379193685, 425.6196786016352)",6.513832495610394,[ 939  298 1053  567]
136,17-18FND_B669-1-011.tif.jpg,3,1,1.0,3,9557,56.59487348342746,219.80103017229365,3.883762196882681,0.9662830166418568,0.9655485956758941,504.0975464705581,0.4726093209963892,"(2149.0, 1247.5)","(2156.773045934917, 1246.3474939834675)",7.8580222209198585,[2071 1159 2230 1335]
137,17-18FND_B669-1-011.tif.jpg,3,1,1.0,3,13923,67.98243254760196,267.5352133355141,3.9353580522171416,0.9671762479102947,0.9721407624633431,624.9432175380074,0.4479830364006055,"(1058.0, 779.0)","(1051.1475256769374, 784.7284349637291)",8.931482042858606,[ 998  651 1122  906]
138,17-18FND_B669-1-011.tif.jpg,3,1,1.0,0,4520,50.33234767354763,125.29484318737532,2.489350268340941,0.9157663862579396,0.9779316313284292,309.29646455628165,0.5937428424541293,"(1768.5, 1689.2230224609375)","(1776.261946902655, 1697.9077433628318)",11.64784086702052,[1739 1630 1801 1746]
139,17-18FND_B669-1-011.tif.jpg,3,1,1.0,1,12094,58.94530585796135,270.27602289963403,4.585200109927492,0.9759279931822387,0.9354888613861386,655.3523804664972,0.35385885323492283,"(397.0, 1038.5)","(405.0229039192988, 1046.7169670911196)",11.484142783631828,[ 266  957  525 1121]
140,17-18FND_B669-1-011.tif.jpg,3,1,1.0,3,11812,63.61633282672886,240.3982807375244,3.778876745258088,0.9643503226375948,0.9726613965744401,561.9482681718907,0.470046288739271,"(1168.5, 943.5)","(1174.215204876397, 937.6450220115137)",8.181951724671224,[1137  817 1212 1069]
141,17-18FND_B669-1-011.tif.jpg,3,1,1.0,3,12621,63.108699529586254,256.51227864558325,4.064610434973813,0.9692632195575343,0.970771479116991,591.0853531617383,0.4539449980654289,"(908.5, 611.0)","(913.0689327311624, 607.3026701529197)",5.877533011391537,[ 784  545 1028  674]
142,17-18FND_B669-1-011.tif.jpg,3,1,1.0,3,12495,67.58477876155709,238.9604845211173,3.5357145336553275,0.9591705654633159,0.9692808936467303,568.7838379715732,0.4853461955514738,"(1406.5, 508.0)","(1400.0977991196478, 507.62737094837934)",6.413035827320345,[1333  395 1478  621]
143,17-18FND_B669-1-011.tif.jpg,3,1,1.0,3,10857,60.96310025127435,229.8212648982975,3.7698421496123538,0.964176067897232,0.9681647940074907,533.3107499061546,0.4796881900276631,"(2135.0, 135.5)","(2127.925393755181, 139.65137699180252)",8.202681540039016,[2044   50 2229  225]
144,17-18FND_B669-1-011.tif.jpg,3,1,1.0,3,13709,67.18103397618397,262.19407736061424,3.9027990765007194,0.9666168075284546,0.9645395060859776,612.8670990922585,0.45865171890963635,"(2185.0, 844.5)","(2185.649719162594, 839.924502151871)",4.621397575244392,[2066  760 2305  929]
145,17-18FND_B669-1-011.tif.jpg,3,1,1.0,0,5628,52.44832089994435,143.09896276301603,2.728380247596599,0.9304110287276486,0.9787826086956521,344.61017305526644,0.5955356509041625,"(2138.5, 1677.0)","(2143.636460554371, 1687.0915067519545)",11.323503678250434,[2114 1608 2168 1747]
146,17-18FND_B669-1-011.tif.jpg,3,1,1.0,0,7147,61.763493729567486,150.07699874624777,2.429865761858655,0.911389274564615,0.9820005496015389,365.78174593052023,0.671258176865623,"(1685.0, 1676.0)","(1693.0801734993704, 1680.8358751923884)",9.416734713067203,[1662 1606 1725 1747]
147,17-18FND_B669-1-011.tif.jpg,3,1,1.0,3,13969,72.37470273782284,252.22507001141594,3.4849893743273883,0.9579470822691305,0.9663784157730889,601.6538956566621,0.4849329733179329,"(778.5, 545.5)","(775.2938649867564, 532.6093492733911)",13.28337976113644,[704 428 855 659]
148,17-18FND_B669-1-011.tif.jpg,3,1,1.0,1,11753,58.86072192017817,260.94156946665385,4.433203687520521,0.9742268456168913,0.9596635910835306,595.938166904124,0.4158686654358391,"(1631.5, 1563.0)","(1625.4529907257722, 1556.800986982047)",8.659912445247132,[1552 1447 1712 1678]
149,17-18FND_B669-1-011.tif.jpg,3,1,0.9999998807907104,0,9078,58.66133387665298,200.2085940126802,3.4129567260379425,0.9561121107239786,0.965847430577721,479.87214972614186,0.4953919570186851,"(60.5, 1647.0)","(61.202137034589114, 1647.4181537783652)",0.8172202871335753,[   1 1553  126 1740]
150,17-18FND_B669-1-011.tif.jpg,3,1,0.9999998807907104,3,12577,65.85945099773853,245.43606014546415,3.726664228553801,0.9633252451370082,0.9748101069601612,565.8305191657993,0.49364437016133295,"(419.0, 1437.5)","(413.09421960721954, 1443.0449232726405)",8.100889836753769,[ 303 1389  543 1498]
151,17-18FND_B669-1-011.tif.jpg,3,1,0.9999998807907104,3,10016,57.31816285962597,226.27097935186592,3.947631397503281,0.9673834671446689,0.9681036149236419,526.7178207935912,0.45367845482970287,"(1923.0, 1200.5)","(1922.3502396166134, 1195.625)",4.9181107709992355,[1814 1152 2036 1250]
152,17-18FND_B669-1-011.tif.jpg,3,1,0.9999998807907104,3,10341,59.798944051670546,222.77881548033497,3.7254640364190745,0.9633011609323364,0.9690750632555525,518.9604614807105,0.4825072684664841,"(1501.5, 493.0)","(1495.071173000677, 501.19108403442607)",10.412668930022448,[1450  388 1550  607]
153,17-18FND_B669-1-011.tif.jpg,3,1,0.9999998807907104,3,11771,62.835154262836824,240.86178354193237,3.83323294686948,0.9653722108564547,0.9756319933692499,561.3452377915606,0.46942167466711626,"(547.0, 616.0)","(548.8640727210942, 617.7261914875542)",2.5405716209609195,[497 492 600 741]
154,17-18FND_B669-1-011.tif.jpg,3,1,0.9999998807907104,0,3414,46.811555807742835,100.44189205770031,2.1456644694788545,0.8847551740313465,0.9745932058235798,255.88225099390854,0.6552289169356729,"(1080.0, 1699.5)","(1088.6362038664324, 1706.2267135325133)",10.946811963812998,[1055 1655 1112 1748]
155,17-18FND_B669-1-011.tif.jpg,3,1,0.9999998807907104,3,12400,66.09286643458852,243.46666322215103,3.68370561538752,0.9624480936483009,0.9699624530663329,561.3208511739211,0.49454885305922824,"(765.5, 1315.5)","(756.6907258064516, 1308.751693548387)",11.096979399007585,[ 721 1193  792 1440]
156,17-18FND_B669-1-011.tif.jpg,3,1,0.9999998807907104,3,10812,60.94162254933851,229.74931025762285,3.7699900436949667,0.9641789307482754,0.9660471765546819,533.445742854949,0.4774582411172908,"(454.5, 765.0)","(453.7097669256382, 771.9518128005919)",6.996582703455256,[411 647 506 885]
157,17-18FND_B669-1-011.tif.jpg,3,1,0.9999998807907104,3,12776,69.51050276918885,238.74113417635024,3.434605198715012,0.956676113356929,0.9741517346549752,570.333044482741,0.49356879842040224,"(1230.5, 813.0)","(1222.2882748904196, 818.1912961803381)",9.715039130508197,[1182  690 1262  945]
158,17-18FND_B669-1-011.tif.jpg,3,1,0.9999998807907104,3,10452,58.403412982734196,230.0275665225649,3.9385980163619543,0.9672311429911131,0.9766398803961877,520.3086578651014,0.48516242704547474,"(65.5, 1012.0)","(62.34577114427861, 1018.0797933409874)",6.849309946511423,[  32  893   94 1130]
159,17-18FND_B669-1-011.tif.jpg,3,1,0.9999998807907104,3,9725,58.90461546766889,212.57433162025978,3.6087890555356554,0.9608407208485487,0.9662195727769498,499.0437226013957,0.49070703012706984,"(2310.5, 836.0)","(2307.4113110539847, 833.1448843187661)",4.206148470806114,[2251  738 2372  934]
160,17-18FND_B669-1-011.tif.jpg,3,1,0.9999998807907104,3,11488,64.17862270396789,231.70697436409307,3.6103450744474705,0.9608751550791166,0.9756263269639066,537.0782104868019,0.500471354175326,"(956.5, 945.0)","(950.0315111420613, 937.9086002785515)",9.598400810272377,[ 915  823  989 1068]
161,17-18FND_B669-1-011.tif.jpg,3,1,0.9999998807907104,3,13393,66.26174578127139,260.9994551304273,3.938916067680754,0.9672365243027667,0.9710701856148491,596.0071426749364,0.4737888150970199,"(66.0, 462.0)","(62.448891211827075, 454.53296498170687)",8.268433079480953,[ 30 330 101 593]
162,17-18FND_B669-1-011.tif.jpg,3,1,0.9999998807907104,3,13562,67.71091463586228,260.12805289899956,3.8417447807037277,0.9655282210359808,0.9779348139601961,603.7056274847714,0.4676093169124527,"(617.5, 478.5)","(625.3099100427665, 479.2378705205722)",7.844689144971598,[592 345 667 616]
163,17-18FND_B669-1-011.tif.jpg,3,1,0.9999998807907104,3,15396,68.05919993453267,290.25292174239127,4.264712515304185,0.9721203664866553,0.9757890733933325,657.7300141024109,0.4472212649079797,"(1170.5, 1325.0)","(1166.7848791893998, 1330.9180306573137)",6.987503810250074,[1114 1188 1224 1465]
164,17-18FND_B669-1-011.tif.jpg,3,1,0.9999998807907104,3,10240,54.886952937894584,238.63533473299975,4.34776066004282,0.9731898108105859,0.97765896505633,535.0782104868018,0.44944369131719664,"(160.5, 1559.5)","(161.0890625, 1563.43125)",3.975137883320147,[ 127 1438  197 1679]
165,17-18FND_B669-1-011.tif.jpg,3,1,0.9999998807907104,3,9705,54.857069654680274,230.94427606548726,4.2099273169211955,0.9713792758838591,0.9733226356433657,530.5929291125633,0.4331940546391925,"(2152.0, 564.5)","(2157.428232869655, 557.940752189593)",8.514073286361308,[2128  444 2191  685]
166,17-18FND_B669-1-011.tif.jpg,3,1,0.9999998807907104,3,9610,53.68813787952958,231.62487687005518,4.31426542283505,0.9727660462998758,0.9629258517034068,541.9137802864844,0.4112187059661373,"(1789.0, 616.5)","(1791.1369406867846, 625.1695109261186)",8.92899407531024,[1727  502 1853  733]
167,17-18FND_B669-1-011.tif.jpg,3,1,0.9999998807907104,2,12931,58.9529877640324,280.59516232778617,4.759642775882838,0.9776799443701661,0.9754092177717433,628.936074863071,0.41079860849877303,"(872.5, 1021.6554565429688)","(873.5646895058387, 1023.9640399041064)",2.542266878037099,[ 844  874  907 1175]
168,17-18FND_B669-1-011.tif.jpg,3,1,0.9999998807907104,3,9766,55.31578901607688,228.60901128302078,4.132798525509204,0.9702845313152836,0.9771863117870723,514.79393923934,0.4630839547241979,"(920.6666870117188, 441.66448974609375)","(914.4292443170182, 434.8397501535941)",9.245688826426408,[883 328 944 563]
169,17-18FND_B669-1-011.tif.jpg,3,1,0.9999998807907104,1,10649,50.810132820607464,271.2863007214675,5.339216523587591,0.9823040178283358,0.9517383144159443,632.98484809835,0.33398892226599286,"(527.0, 437.0)","(531.4844586346136, 437.99361442388954)",4.59321661463094,[469 298 588 575]
170,17-18FND_B669-1-011.tif.jpg,3,1,0.9999998807907104,3,11632,63.5666386315624,235.09456142707106,3.6983953609644042,0.9627515679879752,0.9722500835840856,543.8965363437815,0.49411913361584064,"(745.0, 435.5)","(745.7830123796424, 429.31078060522697)",6.2385531257903,[670 333 825 533]
171,17-18FND_B669-1-011.tif.jpg,3,1,0.9999998807907104,2,7350,40.62860198644935,232.17905535074112,5.714670059978403,0.9845705253001384,0.9650735294117647,502.8944443027283,0.36521072894617956,"(568.0, 301.5)","(564.2990476190477, 303.75265306122446)",4.3326082606578655,[541 181 591 425]
172,17-18FND_B669-1-011.tif.jpg,3,1,0.9999998807907104,3,10822,58.65636040160736,241.8758047423992,4.123607450007605,0.9701498785406417,0.9638403990024937,564.98484809835,0.4260335408801867,"(1958.0, 338.5)","(1949.9847532803549, 342.9828127887636)",9.183669771713515,[1890  230 2027  456]
173,17-18FND_B669-1-011.tif.jpg,3,1,0.9999998807907104,3,13463,67.59122161213492,255.67426435688276,3.782654881192154,0.9644228141751537,0.9670305990518604,595.7371567773473,0.47669690592918124,"(1882.0, 1052.5)","(1884.192304835475, 1049.6788977196761)",3.5727886262267794,[1779  956 1981 1148]
174,17-18FND_B669-1-011.tif.jpg,3,1,0.9999998807907104,3,12694,64.1233675174855,255.41447210934095,3.983173092705918,0.9679725318077619,0.9678993518871521,591.2518754031088,0.4563134767566688,"(1072.0, 1122.0)","(1080.037182921065, 1123.5247360957933)",8.180533568690702,[ 973 1024 1174 1221]
175,17-18FND_B669-1-011.tif.jpg,3,1,0.9999998807907104,3,11985,62.439625988430684,247.64600469501949,3.9661673300366234,0.9676927003497926,0.975103734439834,561.3523804664972,0.4779437261340927,"(335.09759521484375, 1626.21826171875)","(328.3566958698373, 1620.0219440967876)",9.156095021992178,[ 244 1522  423 1726]
176,17-18FND_B669-1-011.tif.jpg,3,1,0.9999998807907104,3,12164,66.14955486580492,237.80823149116526,3.595008794444615,0.9605337592575809,0.966393898466672,560.842712474619,0.4859640170492741,"(2151.5, 989.0)","(2147.756247944755, 991.7848569549491)",4.665951961891401,[2028  921 2264 1053]
177,17-18FND_B669-1-011.tif.jpg,3,1,0.9999998807907104,3,11780,60.4273619334787,253.8768672535125,4.201356126269292,0.9712606490537092,0.9650991315746354,578.0975464705581,0.44294816016351723,"(1333.5, 1391.5)","(1329.0564516129032, 1385.9741086587437)",7.090881284004264,[1261 1275 1404 1503]
178,17-18FND_B669-1-011.tif.jpg,3,1,0.9999998807907104,3,10912,58.165899859480085,244.14067558595443,4.1973162312585375,0.9712044789644776,0.9614944047933739,564.5828278447966,0.43018859466407056,"(219.0, 701.5)","(212.70683651026394, 709.4782807917888)",10.161538815611237,[146 592 294 816]
179,17-18FND_B669-1-011.tif.jpg,3,1,0.9999998807907104,1,12414,58.62255667022515,271.0000309780518,4.622794473167269,0.9763226562191246,0.9586840682678199,608.3229432149742,0.42155399776491354,"(769.0, 293.0)","(767.1287256323506, 295.37191880135333)",3.021202833183377,[682 179 860 410]
180,17-18FND_B669-1-011.tif.jpg,3,1,0.9999997615814209,3,10943,61.90637054186611,227.94836210515479,3.682147089385536,0.9624156772331678,0.9788889882815994,523.6223663640862,0.5015449768893735,"(529.5, 1565.5)","(537.752444485059, 1569.2278168692314)",9.05535524369456,[ 419 1533  648 1605]
181,17-18FND_B669-1-011.tif.jpg,3,1,0.9999997615814209,0,14363,67.40220229405044,281.74115905293655,4.1799993095745736,0.9709618216700714,0.97073533387402,683.2975105768082,0.38657640904279783,"(283.0, 1718.5)","(262.7886931699506, 1711.9502889368516)",21.246073491097835,[ 131 1667  441 1748]
182,17-18FND_B669-1-011.tif.jpg,3,1,0.9999997615814209,3,12979,63.35395587350184,264.5902315482657,4.176380589028571,0.9709107241358793,0.9765254683620495,605.1614716074871,0.44535727996527613,"(208.0, 978.0)","(202.95469604746128, 973.0361352954773)",7.077785301795285,[ 163  839  251 1117]
183,17-18FND_B669-1-011.tif.jpg,3,1,0.9999997615814209,3,14870,65.60273000619968,290.9936863483816,4.435694769423188,0.9742561682108178,0.972213141549526,665.4873734152916,0.42193076485662007,"(1436.5, 1229.5)","(1443.6356422326833, 1231.7546065904505)",7.483357598735742,[1295 1178 1589 1285]
184,17-18FND_B669-1-011.tif.jpg,3,1,0.9999997615814209,3,10890,61.706899721415574,226.8060810695322,3.675538425905044,0.9622777502953059,0.964228794049938,530.4163056034262,0.4864116981834451,"(153.5, 865.5)","(157.96914600550963, 862.9175390266299)",5.161624811776054,[102 755 211 971]
185,17-18FND_B669-1-011.tif.jpg,3,1,0.9999997615814209,3,13191,70.58613813709205,243.03932931971426,3.4431594606817058,0.9568959586211218,0.9742964768446709,579.1198410471445,0.4942545721925246,"(1106.0, 921.5)","(1099.671291031764, 921.9200212265939)",6.342631554443347,[1060  787 1137 1058]
186,17-18FND_B669-1-011.tif.jpg,3,1,0.9999997615814209,3,10494,56.79959734818132,239.63620750963344,4.218977223388827,0.97150372878337,0.9717566441337161,541.5634918610405,0.44962677395632866,"(1272.6627197265625, 1227.361083984375)","(1264.9142367066895, 1221.9861825805222)",9.43019375253761,[1231 1102 1302 1349]
187,17-18FND_B669-1-011.tif.jpg,3,1,0.9999997615814209,3,12118,67.53739079654646,230.9920248229949,3.420209488383237,0.956302295805372,0.9769429216381812,541.286363288515,0.5197405961384276,"(1956.0, 1288.5)","(1948.7001155306157, 1286.5488529460306)",7.556142408171775,[1843 1227 2069 1348]
188,17-18FND_B669-1-011.tif.jpg,3,1,0.9999997615814209,3,13601,68.08434450747889,258.325065730882,3.794191860105309,0.9646428034896968,0.9702525324582679,602.7005768508881,0.4705193521379604,"(349.0, 856.5)","(351.9264024704066, 866.6081905742225)",10.523276490884472,[ 271  738  413 1015]
189,17-18FND_B669-1-011.tif.jpg,3,1,0.9999997615814209,1,10391,49.04048348662056,278.69186706455696,5.682893953127336,0.9843961227056742,0.9395967085631612,620.6833329081849,0.3389432908858602,"(472.5, 970.0)","(481.49437012799535, 971.5564430757386)",9.128045193106226,[ 410  836  544 1106]
190,17-18FND_B669-1-011.tif.jpg,3,1,0.9999997615814209,3,15661,77.45913167481991,264.0128213467216,3.408414419813923,0.9559923622134655,0.9652388289676426,645.2518754031088,0.4726838918304373,"(1373.5, 944.0)","(1366.2674158738266, 952.0457825170806)",10.818728643160219,[1284  825 1458 1072]
191,17-18FND_B669-1-011.tif.jpg,3,1,0.9999997615814209,1,7491,40.104588662429826,253.67485287848046,6.325332370660226,0.9874239930193329,0.91375945352525,568.6072144624361,0.291155453905636,"(1632.5, 714.5)","(1624.3161126685357, 714.2035776264851)",8.189253816900711,[1537  618 1737  813]
192,17-18FND_B669-1-011.tif.jpg,3,1,0.9999997615814209,0,4147,41.729376615377454,135.92158777547863,3.25721587044727,0.9517060751846076,0.9399365367180417,336.5929291125633,0.45997467642470047,"(29.0, 1208.5)","(27.940197733301183, 1196.6930311068243)",11.854437788816448,[   0 1136   62 1284]
193,17-18FND_B669-1-011.tif.jpg,3,1,0.9999996423721313,0,6820,58.14315413429309,161.83144374812136,2.7833275672375755,0.9332289719595469,0.9531795946890287,398.9604614807104,0.5384365384450913,"(62.5, 1508.5)","(53.903812316715545, 1514.741348973607)",10.623035333490947,[   1 1447  131 1572]
194,17-18FND_B669-1-011.tif.jpg,3,1,0.9999996423721313,3,11314,56.276306836640735,262.7514465883078,4.668953265732674,0.9767940408659734,0.9628116756020764,618.776695296637,0.37132837840706917,"(1630.0, 1004.5)","(1635.3763478875728, 1000.3304755170585)",6.803679226863739,[1482  966 1775 1040]
195,17-18FND_B669-1-011.tif.jpg,3,1,0.9999996423721313,3,13619,70.22867927934648,249.90371416519997,3.558428219490866,0.95970104765966,0.9766924842226047,581.6467529817256,0.5058671380971661,"(1604.0, 339.0)","(1606.9784125119318, 342.97217123136795)",4.9647845252879685,[1486  289 1732  390]
196,17-18FND_B669-1-011.tif.jpg,3,1,0.9999996423721313,1,8342,48.352088009338566,231.45588614448707,4.786885027587318,0.9779361272681193,0.9081210537774875,529.6223663640862,0.3737209246592927,"(450.0, 552.5)","(446.5526252697195, 545.1539199232798)",8.11475723756185,[418 429 476 680]
197,17-18FND_B669-1-011.tif.jpg,3,1,0.9999996423721313,0,8092,59.19237709506865,193.7983165145769,3.27404179432291,0.9522136097098378,0.9657477025898078,487.5462479183374,0.42779342077092686,"(1940.0, 1697.5)","(1929.2601334651508, 1708.2705140879882)",15.21015144257037,[1845 1645 2044 1748]
198,17-18FND_B669-1-011.tif.jpg,3,1,0.9999996423721313,1,9237,48.93612068306977,246.64458622477773,5.04013360237826,0.9801196295199792,0.9521698793938769,594.3746750430836,0.3285641792235166,"(1330.5, 1515.5)","(1330.287647504601, 1529.123633214247)",13.625288090115333,[1286 1386 1376 1654]
199,17-18FND_B669-1-011.tif.jpg,3,1,0.9999996423721313,2,13304,59.15647069925927,287.22900731371493,4.8554114861573625,0.9785613019950318,0.9756526840715752,632.8772003600252,0.4174007254733544,"(497.0, 689.5)","(500.15476548406497, 689.9972940469032)",3.19371987320946,[459 536 541 831]
200,17-18FND_B669-1-011.tif.jpg,3,1,0.9999996423721313,3,9030,57.45903716767813,201.8862003665086,3.51356740937653,0.9586430868568642,0.974635725849973,469.67113959936523,0.5144105482935966,"(2219.0, 938.0)","(2212.675415282392, 935.483942414175)",6.8066818366506325,[2126  871 2309  998]
201,17-18FND_B669-1-011.tif.jpg,3,1,0.9999995231628418,3,10378,59.575385413141966,223.97241485572476,3.759479075167138,0.9639746018801052,0.9714499672376673,519.0264786586926,0.48411049926695715,"(1482.0, 1409.5)","(1477.3623048756986, 1406.025920215841)",5.794604940172451,[1407 1312 1555 1513]
202,17-18FND_B669-1-011.tif.jpg,3,1,0.9999995231628418,0,5255,34.11374662973684,201.22545969151113,5.898661963916434,0.9855250318762016,0.9519927536231884,456.5512985522207,0.31681331052463485,"(1299.0, 1724.0)","(1298.1240723120836, 1725.368791627022)",1.625066101013667,[1193 1700 1410 1749]
203,17-18FND_B669-1-011.tif.jpg,3,1,0.9999995231628418,3,10863,64.51941729767043,219.97002342790293,3.409361594402454,0.9560173732534577,0.9626905352711804,525.1269837220809,0.49502937794069346,"(335.0, 634.5)","(326.34695756236766, 638.5649452269171)",9.560278402081295,[263 541 404 732]
204,17-18FND_B669-1-011.tif.jpg,3,1,0.9999994039535522,2,13294,71.27212760163356,241.1778263178253,3.383901034438847,0.9553375068342419,0.965782782419179,593.8061325481598,0.4737794086307209,"(1835.0, 793.0)","(1841.1442003911538, 784.6060628855123)",10.402373706449367,[1711  745 1962  823]
205,17-18FND_B669-1-011.tif.jpg,3,1,0.9999994039535522,1,12956,62.08732564727919,290.3357765646213,4.676248711597461,0.9768672486065317,0.9091929824561403,722.2914139223983,0.31207278646087755,"(731.5, 1697.0)","(697.8222445199135, 1700.3380673047236)",33.84278220695456,[ 559 1666  897 1740]
206,17-18FND_B669-1-011.tif.jpg,3,1,0.9999992847442627,1,11207,55.25560697515549,267.92147850443985,4.848765458768828,0.9785018451914936,0.9437473684210527,627.9503602129438,0.35714831718752627,"(1921.0, 1457.0)","(1922.4650664763094, 1469.2346747568483)",12.322081244086467,[1766 1290 2026 1571]
207,17-18FND_B669-1-011.tif.jpg,3,1,0.9999992847442627,1,17365,68.41398747985389,354.0493914191089,5.175102409041237,0.9811529186701123,0.8725253743342377,874.3889603929564,0.28541403152901723,"(201.5, 1352.0)","(183.12600057587102, 1329.4504463000287)",29.08756137777419,[ 104 1167  306 1534]
208,17-18FND_B669-1-011.tif.jpg,3,1,0.9999991655349731,3,16546,73.06106018355455,290.4157670027113,3.9749733479515195,0.96783806267728,0.9698710433763189,679.938166904124,0.4497426182446823,"(962.5, 1551.5)","(959.4389580563278, 1553.321165236311)",3.561828266335667,[ 825 1465 1102 1637]
209,17-18FND_B669-1-011.tif.jpg,3,1,0.9999990463256836,1,15817,62.58231012174528,326.13281352823833,5.211261982719906,0.9814160291964312,0.9548445517657712,752.4478348960022,0.35105986773506326,"(323.5, 520.5)","(327.9422772965796, 514.5544034899159)",7.421855929646639,[228 370 426 677]
210,17-18FND_B669-1-011.tif.jpg,3,1,0.9999969005584717,1,12252,63.95879809307092,246.55859786926771,3.8549598369638383,0.9657683409246864,0.9542799283433289,580.4335495461293,0.45699540990171666,"(1957.0, 852.0)","(1959.8609206660137, 852.210333006856)",2.8686420186209194,[1820  818 2087  893]
211,17-18FND_B669-1-011.tif.jpg,3,1,0.9999946355819702,1,9554,52.154558300850276,246.1453644718607,4.719536939647474,0.9772945638689677,0.9037079076806659,606.0904037956216,0.32682877426415563,"(1303.0, 1039.0)","(1294.4196148210174, 1018.1202637638686)",22.574020357705972,[1259  906 1355 1221]
212,17-18FND_B669-1-011.tif.jpg,3,1,0.9999942779541016,0,2055,37.86298943901681,76.2531663609445,2.013923556769335,0.8680120240663538,0.9643359924917879,204.99494936611663,0.6145190747956087,"(2406.73046875, 1728.5606689453125)","(2397.806812652068, 1728.4248175182481)",8.924690121477347,[2366 1699 2449 1749]
213,17-18FND_B669-1-011.tif.jpg,3,1,0.9998137354850769,0,245,10.433274698048828,33.253164533668205,3.187222180576442,0.9495046906316043,0.9315589353612167,76.62741699796952,0.5243334634630011,"(2494.5, 1382.5)","(2493.061224489796, 1385.3387755102042)",3.1825652178859496,[2486 1356 2499 1403]
214,17-18FND_B669-1-011.tif.jpg,3,1,0.9994538426399231,1,11652,63.74336775514372,242.3782700669645,3.8024076637746513,0.9647982145231062,0.9313404204300216,589.7960312803931,0.42092686832968157,"(1196.5, 1457.5)","(1204.3179711637488, 1456.4364915894266)",7.889976125221658,[ 956 1361 1304 1648]
215,17-18FND_B669-1-011.tif.jpg,3,1,0.9702292680740356,0,134,9.148038397232709,19.683046675501235,2.151613911180716,0.8854328124280916,0.9370629370629371,47.798989873223334,0.7370165236393338,"(1875.0, 1744.5)","(1875.8432835820895, 1743.2313432835822)",1.5233571688654342,[1866 1738 1888 1748]
216,17-18FND_B669-1-011.tif.jpg,4,1,1.0,0,5869,50.20029287365832,160.48278966414307,3.1968496691451267,0.9498163952818555,0.9613431613431613,389.74725804511405,0.4855207960021629,"(2425.0, 278.5)","(2437.8817515760775, 286.0499233259499)",14.931204435526869,[2351  229 2499  331]
217,17-18FND_B669-1-011.tif.jpg,4,1,1.0,3,12267,62.76110746214098,255.54055187895727,4.07163866624096,0.9693709151945413,0.9764387487065191,585.5462479183374,0.4495995050132626,"(1289.5, 621.0)","(1285.994538191897, 628.3856688676938)",8.175351191923815,[1170  572 1418  677]
218,17-18FND_B669-1-011.tif.jpg,4,1,1.0,2,14646,61.03917413940205,307.07218955818695,5.030739584662327,0.9800445574689914,0.9767255751917305,674.4507934888323,0.4046023062320459,"(299.50048828125, 1267.400390625)","(299.526150484774, 1269.8244571896764)",2.424202396391824,[ 268 1107  334 1429]
219,17-18FND_B669-1-011.tif.jpg,4,1,1.0,0,14192,72.63603229129434,252.65184989284478,3.478326691629134,0.9577822708001332,0.9725210717467279,601.6295090390225,0.49271434577392553,"(1739.5, 1622.0)","(1745.7199830890643, 1628.824689966178)",9.233882323416156,[1679 1497 1802 1748]
220,17-18FND_B669-1-011.tif.jpg,4,1,1.0,0,10692,60.3926242615454,227.85527962245249,3.772899131451352,0.9642351730977577,0.9640248850419258,529.5706345359769,0.4790943226591894,"(1567.5, 1640.5)","(1568.487186681631, 1642.690048634493)",2.4022594709636302,[1496 1538 1632 1749]
221,17-18FND_B669-1-011.tif.jpg,4,1,1.0,3,13361,67.2249901068224,254.90553388062278,3.79182701961831,0.964597877903737,0.9686797650982383,604.6833329081849,0.45919043353797734,"(1912.0, 651.0)","(1911.042586632737, 656.6108075742834)",5.691906709657992,[1841  535 1984  774]
222,17-18FND_B669-1-011.tif.jpg,4,1,1.0,3,13930,63.46464631144493,281.93591519507,4.442408988013645,0.9743349515869366,0.9634137907185836,656.7544007200505,0.40584013833986887,"(1638.5, 138.0)","(1638.5437903804739, 140.50402010050252)",2.504402974990781,[1500   73 1779  210]
223,17-18FND_B669-1-011.tif.jpg,4,1,1.0,3,16002,72.20944274192482,284.0749604918366,3.934041722314838,0.9671539055358268,0.9700533462657615,658.3990616607231,0.4638800802102535,"(1436.5, 1449.5)","(1439.3182727159106, 1452.8477065366828)",4.37604846373927,[1371 1308 1508 1593]
224,17-18FND_B669-1-011.tif.jpg,4,1,1.0,1,14088,63.280377724805156,287.35943906112846,4.541051260958055,0.9754517370008972,0.9564154786150713,676.6244584051393,0.3866907843342455,"(1149.0, 1006.0)","(1149.2632737081203, 1011.1193214082907)",5.126086687403078,[1077  870 1229 1145]
225,17-18FND_B669-1-011.tif.jpg,4,1,1.0,3,11509,60.91882871835705,245.4549986479719,4.0292140182598,0.9687120486050185,0.9682820124516237,556.9259735953043,0.4662861421812776,"(1893.3162841796875, 1606.951171875)","(1896.4561647406379, 1616.6115214180206)",10.157814884628133,[1822 1502 1967 1723]
226,17-18FND_B669-1-011.tif.jpg,4,1,1.0,3,13736,65.71742871493838,271.1892841159909,4.126596085983904,0.9701937639825571,0.9645390070921985,641.7787873376899,0.4190824069669527,"(1453.0, 912.0)","(1448.9964327315085, 907.2119976703552)",6.241275284909314,[1342  815 1565 1013]
227,17-18FND_B669-1-011.tif.jpg,4,1,1.0,3,10803,60.77662968961151,228.86935885198204,3.765746143226867,0.9640966422209937,0.9728050427735254,527.8549057834389,0.48722000937094107,"(607.0, 229.0)","(607.9790798852171, 238.0049986114968)",9.058068084017474,[511 159 710 311]
228,17-18FND_B669-1-011.tif.jpg,4,1,1.0,0,12932,66.97627264503267,248.38017846457234,3.7084801625340016,0.9629577700839234,0.9644988066825776,583.4701294725886,0.4773515148747623,"(115.0, 700.5)","(117.44540674296319, 695.0948035879987)",5.9326353664152585,[  0 630 239 763]
229,17-18FND_B669-1-011.tif.jpg,4,1,1.0,3,11879,62.09961452310935,246.48576162798813,3.969199543682554,0.9677428652738854,0.9684493722484918,566.2813126546316,0.46550600331965825,"(1803.0, 835.5)","(1797.378651401633, 841.5277380250863)",8.242159047448213,[1697  758 1905  924]
230,17-18FND_B669-1-011.tif.jpg,4,1,1.0,3,13537,69.55632099089756,251.42920177388405,3.6147570514373117,0.9609725424422589,0.9710207302202137,600.3401871576773,0.4719950677533894,"(2255.5, 808.5)","(2252.328507054739, 816.8274359163773)",8.910923433809286,[2178  697 2334  930]
231,17-18FND_B669-1-011.tif.jpg,4,1,1.0,0,7724,43.56944886279126,235.72107800018176,5.410237773319412,0.9827696126363117,0.9223787914974922,541.4528855298854,0.33107835150204284,"(99.5, 300.0)","(89.28094251683066, 292.44963749352667)",12.705790405302517,[  1 222 206 388]
232,17-18FND_B669-1-011.tif.jpg,4,1,1.0,3,13946,72.05976813894908,249.99688871673285,3.469299099529115,0.957557397280382,0.9667267433800083,595.6538956566621,0.4939369912270745,"(1490.0, 1014.5)","(1495.0547110282519, 1016.6647067259429)",5.498732471076708,[1407  909 1572 1127]
233,17-18FND_B669-1-011.tif.jpg,4,1,1.0,3,12277,63.31524272428459,251.2692557482073,3.968542880620323,0.9677320114184871,0.9625245001960016,586.4823227814082,0.44853079584094746,"(2195.0, 389.5)","(2198.9436344383807, 384.87203714262444)",6.080320122561836,[2086  311 2308  470]
234,17-18FND_B669-1-011.tif.jpg,4,1,0.9999998807907104,3,13283,70.7238634240942,242.86122500509617,3.4339360612808125,0.9566588450095423,0.973184848706865,576.9188309203679,0.5015065471685839,"(295.0, 248.0)","(290.77166302793046, 254.67386885492735)",7.9005923222337895,[168 206 422 302]
235,17-18FND_B669-1-011.tif.jpg,4,1,0.9999998807907104,0,11916,67.00658921456828,229.25753711334488,3.4214178008556315,0.9563338595610141,0.9737680804118657,534.6761902332486,0.52379176812742,"(105.5, 1423.5)","(98.37529372272574, 1425.3553205773749)",7.362313086405781,[   2 1374  219 1476]
236,17-18FND_B669-1-011.tif.jpg,4,1,0.9999998807907104,3,9862,57.86626625676656,218.44579411290405,3.7750110425927166,0.9642759198859147,0.9692383292383292,504.41630560342617,0.48707588492050796,"(602.5, 1272.0)","(607.0528290407625, 1272.616507807747)",4.59438071467999,[ 497 1218  708 1323]
237,17-18FND_B669-1-011.tif.jpg,4,1,0.9999998807907104,3,11866,63.076273530485324,245.3256349978953,3.889348898826866,0.9663814936480479,0.973261154855643,575.0193359837562,0.45097172192726925,"(164.5, 1507.0)","(158.52764200235967, 1515.8908646553177)",10.710580487123769,[  43 1470  294 1558]
238,17-18FND_B669-1-011.tif.jpg,4,1,0.9999998807907104,3,10425,60.029927711144595,223.30522885147428,3.719898346804398,0.9631891616867861,0.9714844842046407,522.3330444827409,0.4801654688383594,"(531.5, 138.0)","(535.8555395683453, 139.42023980815347)",4.581245032093942,[422  96 644 182]
239,17-18FND_B669-1-011.tif.jpg,4,1,0.9999998807907104,1,10790,58.83499638221882,240.99680607991962,4.096147206575744,0.9697420477987347,0.9614185155484274,554.9604614807105,0.44025796664258027,"(2038.5, 709.5)","(2029.6362372567191, 710.525764596849)",8.92291897180079,[1985  596 2086  831]
240,17-18FND_B669-1-011.tif.jpg,4,1,0.9999998807907104,2,9955,64.11308217874904,205.41530276733582,3.2039530121891864,0.9500445128412007,0.963511420828494,494.3919189857867,0.5118095691583655,"(1173.5, 830.0)","(1184.775791059769, 820.8071320944249)",14.548274274047785,[1148  727 1224  939]
241,17-18FND_B669-1-011.tif.jpg,4,1,0.9999998807907104,3,12220,66.02776649795611,237.69700074603625,3.5999551908725276,0.960644359431081,0.972388000318294,555.0609665440987,0.4984248590769795,"(905.5, 169.5)","(913.4788870703765, 167.29844517184944)",8.27704552018253,[ 794  120 1023  221]
242,17-18FND_B669-1-011.tif.jpg,4,1,0.9999998807907104,1,11061,61.73059419943968,232.35422492967078,3.764004347325395,0.964062786458709,0.9542748684324045,548.3574311003804,0.46224986172439436,"(479.5, 320.5)","(479.0290208841877, 328.0738631226833)",7.588492862793855,[425 204 542 439]
243,17-18FND_B669-1-011.tif.jpg,4,1,0.9999998807907104,2,7640,45.853042291439166,218.09819586263683,4.756460748589327,0.9776497290976826,0.9622166246851386,489.9970414071697,0.3998676837773968,"(432.0, 815.5)","(427.9651832460733, 814.9213350785341)",4.076100995939955,[357 727 513 900]
244,17-18FND_B669-1-011.tif.jpg,4,1,0.9999998807907104,3,8237,55.122671578468456,191.08391580439854,3.4665213120591583,0.9574878393613188,0.9680338465154542,452.2741699796952,0.5060289451496746,"(2439.5, 1485.5)","(2440.245113512201, 1486.1306300837684)",0.9761600527671052,[2386 1400 2495 1579]
245,17-18FND_B669-1-011.tif.jpg,4,1,0.9999998807907104,3,11511,64.5734319637328,229.5480651655647,3.5548376195102764,0.9596178841206617,0.9784937096225773,534.7350647362942,0.5058777648113613,"(1915.5, 907.0)","(1911.818434540874, 902.6210581183216)",5.7209314130608915,[1876  790 1944 1026]
246,17-18FND_B669-1-011.tif.jpg,4,1,0.9999998807907104,3,11421,60.24706052623472,242.63958469972087,4.027409513100857,0.9686835515071626,0.9734083354640757,563.303607231218,0.45230244028359295,"(196.5, 1212.5)","(191.12678399439628, 1212.5039838893267)",5.3732174825006105,[ 146 1087  239 1339]
247,17-18FND_B669-1-011.tif.jpg,4,1,0.9999998807907104,3,13504,64.94882294928506,269.2631458980796,4.145774067504384,0.9704730741112967,0.9769225204369529,612.936074863071,0.4516915099327841,"(554.0, 1029.0)","(554.1041172985782, 1027.5671652843603)",1.4366125901597855,[ 523  886  591 1174]
248,17-18FND_B669-1-011.tif.jpg,4,1,0.9999998807907104,0,6880,55.88930772310297,163.00796004338386,2.916621562947026,0.9393856204234785,0.9637204090208713,396.7594513539338,0.5492167073922372,"(47.151161193847656, 906.9887084960938)","(46.556976744186045, 900.5281976744186)",6.487777372660171,[  2 830 108 980]
249,17-18FND_B669-1-011.tif.jpg,4,1,0.9999998807907104,3,8183,49.654901518448476,211.85288485677754,4.266504984972471,0.9721441230409255,0.9728926405897039,488.048773235279,0.43171383270592684,"(1474.0, 1223.0)","(1468.250641573995, 1226.3578149822804)",6.658081087363099,[1437 1116 1504 1332]
250,17-18FND_B669-1-011.tif.jpg,4,1,0.9999998807907104,3,9558,53.40344868763614,229.36206843355785,4.294892447398426,0.9725163247380445,0.9739148155695945,513.7228714274745,0.45511283912061895,"(2133.0, 840.0)","(2133.7570621468926, 843.6695961498222)",3.7468758982714188,[2105  723 2164  962]
251,17-18FND_B669-1-011.tif.jpg,4,1,0.9999998807907104,0,5200,56.19123980826412,122.0166053091833,2.1714524492701823,0.8876486786501228,0.9796533534287868,318.2497833620557,0.6451741736950092,"(2441.5, 44.5)","(2450.3440384615383, 37.526346153846156)",11.262720109953218,[2385    0 2499   91]
252,17-18FND_B669-1-011.tif.jpg,4,1,0.9999998807907104,3,11186,62.22008380269746,232.34299375742907,3.734212163619043,0.9634761636568263,0.9680657723929035,542.7838379715733,0.4771235618598475,"(1101.158935546875, 243.9865264892578)","(1094.4994636152333, 242.9062220632934)",6.746526814671573,[1028  143 1173  350]
253,17-18FND_B669-1-011.tif.jpg,4,1,0.9999998807907104,3,11280,65.05619290225219,223.5816238622028,3.4367462018279675,0.9567312961193974,0.9752723499913539,524.4579361637689,0.5153444941453031,"(2047.5, 1023.5)","(2040.527925531915, 1014.8988475177305)",11.07202088201497,[1986  918 2108 1131]
254,17-18FND_B669-1-011.tif.jpg,4,1,0.9999998807907104,1,5766,34.128619574461894,223.63318072608067,6.552658253233985,0.9882865185151289,0.9231508165225745,500.86709909225857,0.28882813276836594,"(251.0, 540.0)","(245.46843565730143, 533.840790842872)",8.278530154481736,[162 461 345 622]
255,17-18FND_B669-1-011.tif.jpg,4,1,0.9999998807907104,3,11003,58.76949044576369,243.9235708522547,4.150513625388045,0.9705414932954968,0.9668717047451669,565.4112549695428,0.4325059421203918,"(595.5, 810.0)","(591.7743342724712, 802.0028174134327)",8.82244379047996,[526 694 670 923]
256,17-18FND_B669-1-011.tif.jpg,4,1,0.9999998807907104,3,14058,71.01662016553686,255.6887534362126,3.600407240448961,0.9606544437847564,0.9647268734559429,600.4650788387053,0.48995691613198894,"(918.0, 272.0)","(925.952269170579, 278.5413287807654)",10.296968834536287,[ 816  176 1023  374]
257,17-18FND_B669-1-011.tif.jpg,4,1,0.9999998807907104,3,11396,61.7884943516503,240.21592322043395,3.8877128459113854,0.9663526998737487,0.9653536637018213,558.9259735953043,0.458409617500352,"(1688.0, 1107.0)","(1693.6270621270621, 1097.8032643032643)",10.781640675585013,[1615  997 1762 1217]
258,17-18FND_B669-1-011.tif.jpg,4,1,0.9999998807907104,0,6201,56.32668078238885,144.064768790164,2.5576648009269425,0.9203984738091912,0.9737751256281407,349.82337649086287,0.6367573121069376,"(1069.5, 63.5)","(1066.3605870020965, 60.76068376068376)",4.166505421859792,[1034    1 1107  132]
259,17-18FND_B669-1-011.tif.jpg,4,1,0.9999997615814209,3,9893,60.28582393229672,211.62961704596532,3.510437499927569,0.9585677118017811,0.9730500639323301,489.4213562373095,0.5190055963099544,"(295.0, 363.5)","(291.59061963004143, 355.68695036894775)",8.524530429551211,[191 320 404 392]
260,17-18FND_B669-1-011.tif.jpg,4,1,0.9999997615814209,3,11437,59.71949388480744,249.39972875435708,4.176186242224736,0.9709079760593113,0.9673517719698892,578.3746750430836,0.42963875371848426,"(2167.0, 1171.5)","(2167.8165602867884, 1179.8038821369241)",8.34393367937975,[2045 1129 2300 1224]
261,17-18FND_B669-1-011.tif.jpg,4,1,0.9999997615814209,2,13950,61.75610425940019,297.84338976391473,4.8228979683183075,0.9782680491189658,0.9700973574408901,687.7888886054566,0.370572989274263,"(485.0, 659.0)","(476.9324731182796, 650.161505376344)",11.966786419071612,[333 611 647 700]
262,17-18FND_B669-1-011.tif.jpg,4,1,0.9999997615814209,1,16125,62.081817105722145,343.7745568899629,5.537443536881862,0.9835586936216729,0.9342951503563358,816.6244584051392,0.30385390423477815,"(888.0, 1066.0)","(885.2011162790698, 1049.1782945736434)",17.052962309651786,[ 810  883  963 1240]
263,17-18FND_B669-1-011.tif.jpg,4,1,0.9999997615814209,3,9603,57.13020841578794,215.88185602128434,3.7787689211654505,0.9643482505321297,0.965513774381661,512.3158005400378,0.4597707009165549,"(657.5, 1319.5)","(662.6219931271478, 1322.8719150265542)",6.132260964836006,[ 554 1262  766 1380]
264,17-18FND_B669-1-011.tif.jpg,4,1,0.9999997615814209,3,12220,67.30749994021267,235.6223917120167,3.500685539075339,0.9583315272101863,0.9712287394690828,553.7300141024109,0.5008237792015006,"(2101.0, 200.5)","(2094.76612111293, 198.47225859247135)",6.555378035969087,[2039   86 2159  315]
265,17-18FND_B669-1-011.tif.jpg,4,1,0.9999997615814209,3,9807,52.68552781043689,240.56402067864045,4.566036076248348,0.97572298590836,0.9637382075471698,558.4924240491749,0.3951040366497737,"(2162.5, 195.0)","(2161.6429081268484, 192.53400632201487)",2.61069555844513,[2130   70 2193  324]
266,17-18FND_B669-1-011.tif.jpg,4,1,0.9999997615814209,2,12544,58.36712551305676,274.676330192362,4.70601092272253,0.977162329059911,0.9718004338394793,617.5290039756342,0.4133626082116478,"(614.5, 533.5)","(614.2194674744898, 528.8683035714286)",4.640184296373435,[486 472 748 589]
267,17-18FND_B669-1-011.tif.jpg,4,1,0.9999997615814209,3,11138,63.792802269474315,226.15107892427594,3.54508770392255,0.9593907490453769,0.9765892152564665,523.6639969244288,0.5104011510877998,"(946.0, 1105.5)","(952.4957802118872, 1102.3514095887951)",7.218641294501115,[ 918  987  993 1219]
268,17-18FND_B669-1-011.tif.jpg,4,1,0.9999997615814209,1,12692,64.28638504941685,254.2900137526951,3.955581163215551,0.9675166369163989,0.9517096580683864,587.7371567773474,0.46171462586762807,"(1035.0, 482.0)","(1032.9097069019856, 484.5479829814056)",3.295685438439049,[ 939  387 1129  581]
269,17-18FND_B669-1-011.tif.jpg,4,1,0.9999997615814209,0,4136,43.12153967288747,135.10520625227247,3.1331257482259947,0.9476974512781112,0.966129409016585,333.1787155501902,0.46820483577257055,"(35.0, 1303.0)","(27.71977756286267, 1314.313588007737)",13.453583624559274,[   1 1234   70 1375]
270,17-18FND_B669-1-011.tif.jpg,4,1,0.9999997615814209,0,3643,26.245795997149266,188.10547901503378,7.167070834333438,0.9902182648677604,0.9511749347258486,422.71067811865476,0.25620204848069633,"(2490.5, 401.5)","(2485.7894592368925, 403.97035410376066)",5.319007772025179,[2471  291 2500  512]
271,17-18FND_B669-1-011.tif.jpg,4,1,0.9999996423721313,0,9413,56.00214261810321,226.0632125455615,4.036688633275336,0.9688296735859201,0.9726183095680926,533.4873734152916,0.41561348737420295,"(51.0, 533.0)","(43.87602252204398, 545.8593434611707)",14.700808459359614,[  2 419 108 651]
272,17-18FND_B669-1-011.tif.jpg,4,1,0.9999996423721313,1,13386,56.36679960071644,327.1106817554723,5.803250922043028,0.9850415116135984,0.9050098032587385,805.8853890554881,0.2590085620403485,"(1259.5, 544.0)","(1231.4018377409234, 563.9478559689228)",34.45901449685243,[1083  457 1434  633]
273,17-18FND_B669-1-011.tif.jpg,4,1,0.9999996423721313,1,9211,51.220833349922124,235.70401624882726,4.60172162054809,0.9761026461085079,0.9140617247196586,593.2447327281724,0.3288886335882408,"(126.25325775146484, 877.2449951171875)","(134.3760720877212, 865.0661165997177)",14.639166461400023,[  76  744  184 1027]
274,17-18FND_B669-1-011.tif.jpg,4,1,0.9999995231628418,3,10300,58.56689096431157,227.2275499780592,3.8797953286699647,0.9662128279598685,0.9750094661113214,525.5634918610405,0.4685939852945375,"(1023.5, 1023.5)","(1018.6848543689321, 1019.3429126213592)",6.361368007122916,[ 981  903 1054 1139]
275,17-18FND_B669-1-011.tif.jpg,4,1,0.9999995231628418,0,6563,65.7179726994023,137.6462528355096,2.0944993763747295,0.8786637783202107,0.9699970440437482,356.75230867899734,0.6480054876509941,"(2430.927001953125, 1328.477294921875)","(2440.3263751333234, 1323.8005485296358)",10.498579570492161,[2360 1291 2497 1365]
276,17-18FND_B669-1-011.tif.jpg,4,1,0.9999995231628418,0,1970,44.4347434994393,59.13325240454694,1.3307886520216576,0.6598081258145292,0.9762140733399405,178.91168824543144,0.7733901963117941,"(2476.5, 570.5)","(2477.041624365482, 575.2401015228427)",4.770945336108924,[2453  541 2498  602]
277,17-18FND_B669-1-011.tif.jpg,4,1,0.9999994039535522,3,11209,58.96884917329279,247.89597774915404,4.203846288752521,0.9712951896398678,0.969636678200692,569.3330444827409,0.4345541988275611,"(674.0, 63.0)","(668.5200285484879, 53.84476759746632)",10.669975044665787,[542  14 810  98]
278,17-18FND_B669-1-011.tif.jpg,4,1,0.9999994039535522,0,8961,60.48801298006349,196.91691188715677,3.2554700044793914,0.9516529464055976,0.9564521293627922,473.6295090390226,0.5019827987688312,"(82.0, 790.5)","(74.01138265818547, 793.7725700256668)",8.632943971023606,[  0 722 166 860]
279,17-18FND_B669-1-011.tif.jpg,4,1,0.9999994039535522,2,11545,66.31131453515447,225.02040970900003,3.393393891923332,0.9555928384744786,0.9745083143411835,532.4163056034262,0.5118009717578513,"(1117.0, 529.5)","(1122.4763967085319, 523.6577739281074)",8.007654237310705,[1006  475 1231  581]
280,17-18FND_B669-1-011.tif.jpg,4,1,0.9999992847442627,3,12352,67.96292646064457,232.6257693989302,3.4228333227180454,0.9563707922457854,0.9767515419895619,542.4335495461293,0.5275383800137641,"(2302.5, 1437.5)","(2302.5304404145077, 1433.4991904145077)",4.0009253877325355,[2183 1387 2424 1476]
281,17-18FND_B669-1-011.tif.jpg,4,1,0.9999991655349731,3,15164,73.01950846023017,269.667739417924,3.6930916833656533,0.9626424283590815,0.9683887860016603,648.9259735953042,0.45251535972356266,"(837.0, 1323.5)","(830.3988393563703, 1321.3824188868373)",6.932493895693577,[ 765 1190  911 1456]
282,17-18FND_B669-1-011.tif.jpg,4,1,0.9999990463256836,0,3585,53.06362864607705,90.44358953924693,1.7044365763692142,0.8098013640162356,0.9547270306258322,257.4802307403552,0.679534083710886,"(34.5, 1508.5)","(30.13640167364017, 1499.500139470014)",10.001923810598246,[   3 1459   71 1553]
283,17-18FND_B669-1-011.tif.jpg,4,1,0.999998927116394,1,6754,41.63457513792595,211.26079312334988,5.074167141696308,0.9803880779016063,0.9278747080642945,482.98484809834997,0.36383452454293913,"(1330.0, 400.5)","(1329.6079360379035, 400.2262363044122)",0.478184808830916,[1231  339 1430  468]
284,17-18FND_B669-1-011.tif.jpg,4,1,0.9999988079071045,3,7760,47.012831868690746,216.9726491885273,4.6151793151823535,0.976243503916164,0.9677017084424492,488.99494936611666,0.40781466439873554,"(250.0, 418.0)","(239.36443298969073, 415.15103092783505)",11.010536335934383,[137 390 362 441]
285,17-18FND_B669-1-011.tif.jpg,4,1,0.9999982118606567,3,10388,53.75404382985749,247.98872486101547,4.613396633859778,0.9762249170728066,0.9628325145982018,574.3574311003804,0.39571026489576006,"(2063.0, 1240.5)","(2065.197824412784, 1239.303715825953)",2.502304532726701,[1944 1182 2192 1296]
286,17-18FND_B669-1-011.tif.jpg,4,1,0.9999980926513672,1,13447,58.2281603315628,312.61291236157984,5.368758184725387,0.9824999565488455,0.9257193996970948,754.5584412271571,0.2967901648864284,"(974.0, 727.5)","(974.8078381795196, 751.349892169257)",23.863569703828418,[ 924  542 1027  897]
287,17-18FND_B669-1-011.tif.jpg,4,1,0.9999967813491821,0,2057,41.31006895529607,69.18120058950737,1.6746813147267368,0.8021455682902738,0.969368520263902,191.53910524340094,0.704578273498694,"(30.0, 1623.5)","(26.257656781720954, 1618.8701993193972)",5.9531661412654335,[   2 1596   61 1657]
288,17-18FND_B669-1-011.tif.jpg,4,1,0.9999959468841553,1,14987,57.56076517704923,338.3120687614614,5.8774769188849145,0.9854197220302692,0.9508914408984201,750.7178207935912,0.3341728176241127,"(1870.0, 213.0)","(1857.7401748181758, 216.40308267164878)",12.723375541064861,[1704  173 2037  267]
289,17-18FND_B669-1-011.tif.jpg,4,1,0.9999955892562866,1,1908,12.22732772205854,212.77038382842105,17.40121706598046,0.9983473923346334,0.8313725490196079,417.58787847867995,0.13749676078864773,"(831.0, 788.0)","(836.3768343815514, 787.293501048218)",5.423051607305789,[744 741 918 837]
290,17-18FND_B669-1-011.tif.jpg,4,1,0.9999954700469971,1,8870,50.770286705034636,228.78598075292888,4.506296804706468,0.9750667648371635,0.9543791693565742,525.1198410471444,0.40421891129447035,"(2324.0, 239.5)","(2330.375535512965, 239.94543404735063)",6.391076948967121,[2206  209 2443  283]
291,17-18FND_B669-1-011.tif.jpg,4,1,0.9999935626983643,1,17012,69.17056287992378,328.1754015985999,4.744437343502524,0.9775350017174431,0.9476909364380814,809.747258045114,0.3260365326992678,"(1063.0, 920.985107421875)","(1070.6683517517047, 895.5336821067482)",26.58154753131108,[1033  722 1114 1149]
292,17-18FND_B669-1-011.tif.jpg,4,1,0.9999922513961792,0,3542,38.22751420787268,128.284420680388,3.355813825162839,0.9545688951104615,0.9659121898009272,306.9238815542512,0.47249482582819274,"(1996.5, 14.5)","(2010.0581592320723, 18.84359119141728)",14.23694019796335,[1930    0 2063   47]
293,17-18FND_B669-1-011.tif.jpg,4,1,0.9999809265136719,0,8328,63.289375025442965,174.61474757904813,2.7589899174837997,0.9320026389990445,0.9615517838586768,423.03657992645924,0.5847829957024039,"(1756.425537109375, 84.15938568115234)","(1756.0132084534102, 74.93335734870317)",9.235237609920203,[1719    1 1798  249]
294,17-18FND_B669-1-011.tif.jpg,4,1,0.9999454021453857,0,2281,47.30693890933393,63.32051051639022,1.3385036524503748,0.6647083665880055,0.9694007649808755,188.91168824543144,0.8031885171320483,"(2137.15185546875, 26.630952835083008)","(2135.1569487067077, 27.944322665497587)",2.388429044515535,[2112    0 2162   60]
295,17-18FND_B669-1-011.tif.jpg,4,1,0.9999204874038696,0,1884,42.08044029492165,63.68691784515455,1.5134565465285876,0.7506155932117818,0.9656586365966171,185.7401153701776,0.6862452328386035,"(1686.0, 26.940677642822266)","(1684.5759023354565, 25.522823779193207)",2.0095680473092146,[1663    0 1713   61]
296,17-18FND_B669-1-011.tif.jpg,4,1,0.9998464584350586,0,8625,58.633198492035696,190.12929131848972,3.24269008357638,0.9512613298307099,0.9677962298025135,446.5756851698602,0.5434740615747643,"(1918.0, 88.5)","(1917.2449855072464, 95.6112463768116)",7.151214716115298,[1865    1 2002  290]
297,17-18FND_B669-1-011.tif.jpg,4,1,0.9988548755645752,1,7695,44.493702180611415,231.74081319603522,5.208395836681324,0.9813953763735932,0.9372716199756395,541.2447327281724,0.33008905346692397,"(1369.5, 308.0)","(1369.8671864847304, 318.59233268356076)",10.598695089198388,[1159  257 1486  374]
298,17-18FND_B669-1-011.tif.jpg,4,1,0.9978898167610168,3,9992,53.02969817425761,244.87750940929635,4.6177428467463555,0.9762701938260001,0.9629915188897455,554.5655839020935,0.4082784539010205,"(1057.5, 1242.5)","(1067.2170736589271, 1233.681745396317)",13.12185713793564,[ 829 1140 1162 1447]
299,17-18FND_B669-1-011.tif.jpg,4,1,0.9942092895507812,0,13762,55.21820704662712,378.98074609910236,6.863329440941193,0.989328541120212,0.81081718022742,939.1858582251266,0.19605969757207858,"(2269.0, 1340.5)","(2329.243060601657, 1362.3188490045052)",64.07252548898244,[1929 1288 2496 1407]
300,17-18FND_B669-1-011.tif.jpg,4,1,0.9372752904891968,0,1212,9.365948921524188,183.79811844728852,19.624078669156113,0.9987008070364296,0.7670886075949367,357.0304832720494,0.1194818362222677,"(521.0, 21.5)","(520.6551155115511, 21.906765676567655)",0.5332950646745106,[408   3 713  54]
301,17-18FND_B669-1-011.tif.jpg,4,1,0.8659006357192993,0,516,8.453810986729241,78.67094851846255,9.305974387404675,0.9942096411066175,0.9084507042253521,160.76345596729058,0.25089089349826355,"(1353.0, 2.5)","(1354.2596899224807, 3.6666666666666665)",1.7169536429124925,[1301    0 1404    9]
302,17-18FND_B669-1-011.tif.jpg,4,1,0.6619791984558105,1,128,4.60346561064545,36.07428450862338,7.836331920282428,0.991824330609847,0.8533333333333334,70.91168824543142,0.3198778612171787,"(833.5, 27.0)","(833.875, 27.9296875)",1.0024688761533946,[787  14 865  73]
303,17-18FND_B669-1-011.tif.jpg,4,1,0.6321389675140381,1,310,7.2753066605360885,56.19657584515667,7.724289637162287,0.9915844175332924,0.8516483516483516,116.11269837220809,0.2889429630973034,"(916.0, 508.0)","(916.1032258064516, 506.9225806451613)",1.0823530077098793,[833 225 953 623]
